date,pollutant,zone,observed,trend,seasonal,residual
2019-01-01,NO2,High_Himal,6.885915268677969,8.413547393601952,-1.8308868264802123,0.303254701556229
2019-02-01,NO2,High_Himal,7.393048729558966,8.388258424438524,-0.8969059479067187,-0.09830374697283872
2019-03-01,NO2,High_Himal,7.449793050699803,8.363055710336234,0.03509502000250986,-0.9483576796389404
2019-04-01,NO2,High_Himal,9.319908532751825,8.337883065541897,0.5924200093713737,0.38960545783855416
2019-05-01,NO2,High_Himal,9.672121857803331,8.313232412910576,0.8906238416424542,0.4682656032503001
2019-06-01,NO2,High_Himal,9.071515567692355,8.289551071333154,0.823114043351556,-0.0411495469923544
2019-07-01,NO2,High_Himal,10.553748871523332,8.267026613950154,2.600218616906208,-0.3134963593330298
2019-08-01,NO2,High_Himal,9.3414632097131,8.245859883419065,0.8113448948889915,0.2842584314050427
2019-09-01,NO2,High_Himal,8.747633468516247,8.226491968001467,0.6813841563312676,-0.16024265581648756
2019-10-01,NO2,High_Himal,8.508593869246278,8.209306159036515,0.38697220476480565,-0.08768449455504346
2019-11-01,NO2,High_Himal,6.552648497090224,8.19385734363713,-1.9182002314672384,0.27699138492033093
2019-12-01,NO2,High_Himal,5.131583690157941,8.190002378630396,-2.551548897635999,-0.5068697908364568
2020-01-01,NO2,High_Himal,6.086658144995633,8.193378143940494,-1.6893277953264043,-0.41739220361845675
2020-02-01,NO2,High_Himal,7.660699675872903,8.207735608598702,-0.6732209422607905,0.126185009534991
2020-03-01,NO2,High_Himal,9.079409395161642,8.229708582053819,0.5133756745240425,0.3363251385837813
2020-04-01,NO2,High_Himal,8.329093946963642,8.255342993503973,0.5568016292613978,-0.4830506758017288
2020-05-01,NO2,High_Himal,8.7508881411828,8.284780634892204,0.6869251172896009,-0.22081761099900454
2020-06-01,NO2,High_Himal,10.506370194494458,8.319913178391174,0.8357863202475664,1.3506706958557189
2020-07-01,NO2,High_Himal,10.295048311982086,8.35672269438092,2.3973916486227065,-0.45906603102154087
2020-08-01,NO2,High_Himal,8.989655619809266,8.384246686695068,0.7667830487276621,-0.16137411561346404
2020-09-01,NO2,High_Himal,9.794299466397156,8.391282778110023,0.7219130550677259,0.6811036332194078
2020-10-01,NO2,High_Himal,8.458411367689678,8.37023857665934,0.08905683592149848,-0.0008840448911602294
2020-11-01,NO2,High_Himal,6.109603572363173,8.32638349292339,-2.167545275875958,-0.049234644684259976
2020-12-01,NO2,High_Himal,6.091092638615178,8.263681314279472,-2.416129277307118,0.24354060164282387
2021-01-01,NO2,High_Himal,7.162814805947742,8.187356203687326,-1.5373399125672067,0.5127985148276224
2021-02-01,NO2,High_Himal,8.227014525865851,8.1081873735678,-0.43503921944609725,0.5538663717441477
2021-03-01,NO2,High_Himal,9.489159854056004,8.032862784380345,0.963737317228198,0.49255975244746075
2021-04-01,NO2,High_Himal,7.733150328770316,7.9602121966311765,0.5121131210624984,-0.7391749889233585
2021-05-01,NO2,High_Himal,6.83143405927379,7.878814685058455,0.4779248207090929,-1.525305446493757
2021-06-01,NO2,High_Himal,7.979733229407382,7.791678257960822,0.8708713578458674,-0.6828163863993071
2021-07-01,NO2,High_Himal,10.81431947423945,7.715612084297022,2.175774676206576,0.922932713735853
2021-08-01,NO2,High_Himal,7.735902112572877,7.66338965788558,0.7217733996743382,-0.6492609449870415
2021-09-01,NO2,High_Himal,8.109102259576698,7.64073640837106,0.7758157401954983,-0.3074498889898605
2021-10-01,NO2,High_Himal,8.68755895152719,7.657459759007576,-0.19424380286743081,1.2243429953870457
2021-11-01,NO2,High_Himal,4.81738730962162,7.720079499663061,-2.4072019034004146,-0.4954902866410267
2021-12-01,NO2,High_Himal,5.304321571041997,7.819253827297643,-2.30263409163568,-0.2122981646199662
2022-01-01,NO2,High_Himal,4.800868077864377,7.929037598129923,-1.3720485314262358,-1.7561209888393101
2022-02-01,NO2,High_Himal,7.074793513690602,8.027234207683867,-0.17800592184480488,-0.7744347721484601
2022-03-01,NO2,High_Himal,9.871239455108082,8.117666594260005,1.3893684751343127,0.364204385713764
2022-04-01,NO2,High_Himal,9.827284896121029,8.217250282655655,0.4580394553722892,1.1519951580930847
2022-05-01,NO2,High_Himal,5.789621111655046,8.329865840017545,0.24637466209674516,-2.7866193904592444
2022-06-01,NO2,High_Himal,8.863659629677215,8.444676417676652,0.9144226551672201,-0.49543944316665645
2022-07-01,NO2,High_Himal,11.170479000380771,8.559819833458585,1.9491482171253192,0.6615109497968668
2022-08-01,NO2,High_Himal,10.049076317205298,8.67441364184786,0.6708720614429909,0.7037906139144479
2022-09-01,NO2,High_Himal,9.078815376479067,8.774561502962436,0.8357778262679405,-0.5315239527513089
2022-10-01,NO2,High_Himal,7.43306096106424,8.845616378124884,-0.4590487528863518,-0.9535066641742924
2022-11-01,NO2,High_Himal,6.649553311504088,8.880815654982268,-2.6422288904357845,0.4109665469576047
2022-12-01,NO2,High_Himal,8.073827853127899,8.8841337994779,-2.2096563730592647,1.3993504267092636
2023-01-01,NO2,High_Himal,7.780639013370096,8.866663220721145,-1.1517208425208427,0.06569663516979318
2023-02-01,NO2,High_Himal,8.62392268959995,8.830555401265848,0.1159321015013368,-0.32256481316723296
2023-03-01,NO2,High_Himal,10.840261725434695,8.774775636049217,1.7235056889168918,0.3419804004685858
2023-04-01,NO2,High_Himal,9.769961132197484,8.705676851286565,0.4418665777785911,0.6224177031323279
2023-05-01,NO2,High_Himal,9.737203876417247,8.631806495145941,-0.013447604704318694,1.118844985975624
2023-06-01,NO2,High_Himal,9.254523557522514,8.553356458328222,0.9877367585775274,-0.2865696593832361
2023-07-01,NO2,High_Himal,9.723805259501846,8.462278804552046,1.6669406211571691,-0.40541416620736825
2023-08-01,NO2,High_Himal,8.519219861096673,8.36153940937682,0.6178122303222984,-0.46013177860244525
2023-09-01,NO2,High_Himal,9.50857198961043,8.26837716026902,0.9145573545156067,0.32563747482580396
2023-10-01,NO2,High_Himal,6.794361583740523,8.198430566556134,-0.7046440883324563,-0.6994248944831547
2023-11-01,NO2,High_Himal,4.238744884920203,8.157892477098107,-2.8547747570106767,-1.0643728351672266
2023-12-01,NO2,High_Himal,6.65232785770902,8.148886732199964,-2.1872488719299796,0.6906899974390353
2024-01-01,NO2,High_Himal,7.1148920261284365,8.166911184158158,-0.8725202463647432,-0.1794989116649779
2024-02-01,NO2,High_Himal,8.803683875367733,8.206363413884615,0.43981175254813615,0.1575087089349818
2024-03-01,NO2,High_Himal,8.157520075462276,8.260222994503701,1.9878922545679825,-2.0905951736094073
2024-04-01,NO2,High_Himal,7.182714879526431,8.312554630860154,0.45722632390241735,-1.58706607523614
2024-05-01,NO2,High_Himal,8.21640222408098,8.354228291868024,-0.270979165212544,0.13315309742550063
2024-06-01,NO2,High_Himal,10.082391945760111,8.385733501512592,1.1182211354685883,0.5784373087789323
2024-07-01,NO2,High_Himal,10.028906407090464,8.40364070207752,1.306817828932345,0.3184478760805973
2024-08-01,NO2,High_Himal,9.844321441541622,8.402192280109757,0.5697424223547619,0.8723867390771023
2024-09-01,NO2,High_Himal,9.06030416668671,8.387989028514678,1.003186895678642,-0.33087175750661046
2024-10-01,NO2,High_Himal,7.817445177108057,8.36576043904221,-0.9503023342497011,0.4019870723155474
2024-11-01,NO2,High_Himal,6.316735637413754,8.33465416408068,-3.0604846277702262,1.0425661011033007
2024-12-01,NO2,High_Himal,5.426633135275332,8.29626492467636,-2.175102840005258,-0.6945289493957691
2025-01-01,NO2,High_Himal,7.098186288848066,8.254934994600589,-0.5824442613422327,-0.5743044444102905
2025-02-01,NO2,High_Himal,6.6267406916823415,8.214883950512688,0.7743216237562016,-2.362464882586548
2025-03-01,NO2,High_Himal,10.30841996235248,8.182705501348968,2.2233556816962188,-0.09764122069270798
2025-04-01,NO2,High_Himal,8.15317366097957,8.165297709967884,0.459897730301619,-0.47202177928993283
2025-05-01,NO2,High_Himal,7.926425035193268,8.16972150435438,-0.5288810272654353,0.2855845581043237
2025-06-01,NO2,High_Himal,8.993859457879704,8.201249819133993,1.2719556934244138,-0.47934605467870295
2025-07-01,NO2,High_Himal,9.278259289861277,8.262263255567177,0.930580293408484,0.08541574088561532
2025-08-01,NO2,High_Himal,8.388554533921106,8.354616874080879,0.5265684488286153,-0.4926307889883885
2025-09-01,NO2,High_Himal,9.81794859338122,8.461533659410641,1.1009889365111147,0.25542599745946326
2025-10-01,NO2,High_Himal,7.531443105138976,8.5581191767441,-1.182670097076217,0.15599402547109342
2025-11-01,NO2,High_Himal,5.137074009327469,8.643264569173189,-3.2535787989133813,-0.2526117609323393
2025-12-01,NO2,High_Himal,6.339532816790408,8.72711600990786,-2.187267318407026,-0.20031587471042656
2026-01-01,NO2,High_Himal,9.213602607941391,8.811610875453109,-0.27822251908943796,0.6802142515777199
2026-02-01,NO2,High_Himal,10.28634229131689,8.89702277557227,1.123861357777399,0.26545815796722216
2026-03-01,NO2,High_Himal,7.012381585487302,8.982880204564875,2.4363841078838364,-4.40688272696141
2026-04-01,NO2,High_Himal,9.9547530054243,9.068523024466966,0.45428594073713835,0.43194404022019484
2026-05-01,NO2,High_Himal,7.612758450697923,9.153313862144026,-0.804415678265137,-0.7361397331809663
2026-06-01,NO2,High_Himal,10.942745602733709,9.236595404109746,1.4412053808054224,0.26494481781853985
2026-07-01,NO2,High_Himal,9.481445316017249,9.3181775820301,0.5391139223725607,-0.3758461883854114
2019-01-01,NO2,High_Mountains,7.625213831487921,9.85805491715419,-2.4447571809719935,0.21191609530572464
2019-02-01,NO2,High_Mountains,7.0893147925384365,9.815923891483223,-2.159009914153056,-0.5675991847917299
2019-03-01,NO2,High_Mountains,7.56035608580805,9.7713576284345,-0.14135969257961795,-2.069641850046831
2019-04-01,NO2,High_Mountains,10.65685758582558,9.72464387113915,0.4819834248416519,0.45023028984477875
2019-05-01,NO2,High_Mountains,11.343186320346671,9.676989225458192,0.6925242425073385,0.9736728523811404
2019-06-01,NO2,High_Mountains,10.790743359988284,9.629668879818079,0.9107546033861107,0.2503198767840953
2019-07-01,NO2,High_Mountains,12.329914553295858,9.583550975959296,3.1639485543935395,-0.4175849770569773
2019-08-01,NO2,High_Mountains,11.27258552998933,9.53936469978545,1.241067671445316,0.4921531587585637
2019-09-01,NO2,High_Mountains,10.017333396458708,9.498030779128698,0.33853108360899065,0.1807715337210194
2019-10-01,NO2,High_Mountains,10.320208726477956,9.458948290488118,0.9168521391380213,-0.05559170314818296
2019-11-01,NO2,High_Mountains,8.809170042591271,9.411801011173146,-1.04561531394901,0.44298434536713494
2019-12-01,NO2,High_Mountains,5.796382580664827,9.373920334583442,-2.6199081037124774,-0.9576296502061368
2020-01-01,NO2,High_Mountains,6.214511639575418,9.350623060982223,-2.0884049561164164,-1.0477064652903874
2020-02-01,NO2,High_Mountains,8.042015331369944,9.34971266354159,-1.6823271562951136,0.3746298241234687
2020-03-01,NO2,High_Mountains,9.15208416130292,9.37023891285851,0.15156440943740357,-0.36971916099299307
2020-04-01,NO2,High_Mountains,9.557453082350872,9.412575427420782,0.6569702637956413,-0.5120926088655509
2020-05-01,NO2,High_Mountains,9.7704539045293,9.482467073705143,0.49525394001851714,-0.2072671091943601
2020-06-01,NO2,High_Mountains,11.152762261131524,9.588208235937921,0.9269789766978791,0.6375750484957248
2020-07-01,NO2,High_Mountains,11.888684248321791,9.726832292924016,2.7999972900566577,-0.6381453346588817
2020-08-01,NO2,High_Mountains,10.599877925606426,9.878791928535492,1.0483588630240688,-0.3272728659531339
2020-09-01,NO2,High_Mountains,11.164517673352677,10.019267656078558,0.4334491372845984,0.7118008799895197
2020-10-01,NO2,High_Mountains,10.447327815282437,10.125723261989044,0.5763851418157525,-0.25478058852235996
2020-11-01,NO2,High_Mountains,8.171337915610508,10.196548598443984,-1.4528466611324082,-0.5723640217010679
2020-12-01,NO2,High_Mountains,8.548634210960511,10.228416722570236,-2.5147568881543765,0.8349743765446522
2021-01-01,NO2,High_Mountains,9.290103407213648,10.222471841804232,-1.7408393599307874,0.8084709253402025
2021-02-01,NO2,High_Mountains,10.290477160469944,10.198504973974119,-1.1969479617708394,1.288920148266664
2021-03-01,NO2,High_Mountains,11.813162900330315,10.169117185873269,0.3797922048614677,1.2642535095955783
2021-04-01,NO2,High_Mountains,10.785758438568015,10.132405917380389,0.8383181676699064,-0.1849656464822793
2021-05-01,NO2,High_Mountains,8.099114106326251,10.074897621544435,0.32362045530673156,-2.2994039705249163
2021-06-01,NO2,High_Mountains,9.936713672079648,9.990464474058118,0.9666601634273418,-1.0204109654058122
2021-07-01,NO2,High_Mountains,13.619564298653344,9.892221529397116,2.4137150615303136,1.3136277077259155
2021-08-01,NO2,High_Mountains,9.312645629114169,9.78981355834008,0.8521813450177663,-1.329349274243679
2021-09-01,NO2,High_Mountains,9.520412466765338,9.694944874412608,0.5581588328769963,-0.7326912405242663
2021-10-01,NO2,High_Mountains,11.324746347470557,9.626102296622529,0.24605811281142753,1.4525859380366004
2021-11-01,NO2,High_Mountains,7.869663896848299,9.605276142490718,-1.85060718143574,0.11499493579332132
2021-12-01,NO2,High_Mountains,6.796379898990312,9.638699440520506,-2.4318379336183336,-0.4104816079118603
2022-01-01,NO2,High_Mountains,4.971555359125323,9.69892346700634,-1.3916816130683345,-3.3356864948126823
2022-02-01,NO2,High_Mountains,7.604409190940693,9.760713408523621,-0.6942771681006128,-1.462027049482316
2022-03-01,NO2,High_Mountains,11.51036551515027,9.821118327205141,0.5660065583117758,1.1232406296333526
2022-04-01,NO2,High_Mountains,13.728739148424646,9.892743706962984,1.0265389981309152,2.809456443330747
2022-05-01,NO2,High_Mountains,8.062006094243078,9.97644374096093,0.14873138853765244,-2.0631690352555045
2022-06-01,NO2,High_Mountains,9.921543647137147,10.060757811003766,1.0126324067557289,-1.1518465706223484
2022-07-01,NO2,High_Mountains,13.912711806757285,10.155603562667624,2.0305604520897536,1.7265477919999075
2022-08-01,NO2,High_Mountains,12.242720428102423,10.271855056635815,0.6459485513484777,1.3249168201181298
2022-09-01,NO2,High_Mountains,9.7174137397159,10.395705892155545,0.7010561207697414,-1.3793482732093878
2022-10-01,NO2,High_Mountains,9.88633004049824,10.50758779891354,-0.06336697048278664,-0.5578907879325143
2022-11-01,NO2,High_Mountains,8.572585960793143,10.595872040817058,-2.233646916776092,0.21036083675217654
2022-12-01,NO2,High_Mountains,10.31229159902481,10.654303280206614,-2.3679078177515365,2.0258961365697328
2023-01-01,NO2,High_Mountains,9.619481915661607,10.683197830253963,-1.0304220961879629,-0.033293818404393605
2023-02-01,NO2,High_Mountains,10.685927367546867,10.672765011528517,-0.17422713847012472,0.18738949448847464
2023-03-01,NO2,High_Mountains,12.46520486151236,10.619758158812713,0.5554563911914833,1.2899903115081628
2023-04-01,NO2,High_Mountains,11.596779486905366,10.54024775503782,1.2871338048209446,-0.23060207295339907
2023-05-01,NO2,High_Mountains,10.978329359593124,10.451007428474531,0.0157953869793868,0.5115265441392065
2023-06-01,NO2,High_Mountains,12.58016987475414,10.348848295662192,1.1113884455124174,1.119933133579531
2023-07-01,NO2,High_Mountains,11.062231379967816,10.225957581585797,1.5998263457429105,-0.7635525473608915
2023-08-01,NO2,High_Mountains,10.046277249372816,10.090891606579467,0.4389439495700493,-0.4835583067767004
2023-09-01,NO2,High_Mountains,11.320858601591592,9.957944215832429,0.9264486382677333,0.43646574749143063
2023-10-01,NO2,High_Mountains,8.45680490470922,9.839211715401872,-0.3556574515379288,-1.0267493591547225
2023-11-01,NO2,High_Mountains,5.855855162373792,9.744610745762028,-2.5721649070189634,-1.3165906763692732
2023-12-01,NO2,High_Mountains,7.841476990214915,9.689062307011703,-2.403167724038529,0.5555824072417401
2024-01-01,NO2,High_Mountains,9.163034250593196,9.678289136596916,-0.668224755126554,0.15296986912283295
2024-02-01,NO2,High_Mountains,9.716741667397166,9.710678645873859,0.361791229479594,-0.3557282079562878
2024-03-01,NO2,High_Mountains,9.155035199333067,9.781008618516635,0.3317638422299173,-0.9577372614134845
2024-04-01,NO2,High_Mountains,11.31417137674326,9.871068589853687,1.6185919720063502,-0.17548918511677591
2024-05-01,NO2,High_Mountains,12.692047285032112,9.964116743294673,-0.019083816479942936,2.747014358217383
2024-06-01,NO2,High_Mountains,10.828539696858773,10.060774055442051,1.2962633004164268,-0.5284976589997061
2024-07-01,NO2,High_Mountains,11.240039998174304,10.161445762528038,1.0752189069432567,0.003375328703009828
2024-08-01,NO2,High_Mountains,12.295165478614576,10.253964472661698,0.2439916458057797,1.7972093601470984
2024-09-01,NO2,High_Mountains,11.096349432783288,10.336217426248027,1.1793101993383128,-0.41917819280305046
2024-10-01,NO2,High_Mountains,10.37046434025739,10.410490169957638,-0.6507702412326625,0.6107444115324139
2024-11-01,NO2,High_Mountains,8.347995734737676,10.472070763404663,-2.9049190374635416,0.7808440087965547
2024-12-01,NO2,High_Mountains,7.749501968335197,10.510448106497751,-2.455311212401231,-0.3056349257613231
2025-01-01,NO2,High_Mountains,9.734330307305171,10.526593272278962,-0.3110881728302346,-0.4811747921435554
2025-02-01,NO2,High_Mountains,8.273511417608082,10.528103882936996,0.8998039561906684,-3.154396421519582
2025-03-01,NO2,High_Mountains,11.960266540376276,10.51882191631077,0.05279394538746291,1.388650678678042
2025-04-01,NO2,High_Mountains,11.7407198682558,10.496301778216592,1.9552215704367044,-0.7108034803974963
2025-05-01,NO2,High_Mountains,10.480322498633104,10.468078900903828,-0.023863838608168833,0.03610743633744384
2025-06-01,NO2,High_Mountains,11.869935218627718,10.4407955854925,1.4998174714871402,-0.0706778383519211
2025-07-01,NO2,High_Mountains,11.377505302540332,10.410190556875017,0.5268748595586998,0.4404398861066152
2025-08-01,NO2,High_Mountains,9.7423094763811,10.380913128711004,0.05510213449487025,-0.6937057868247738
2025-09-01,NO2,High_Mountains,12.433530595142344,10.349078178909364,1.4583862079759373,0.6260662082570416
2025-10-01,NO2,High_Mountains,9.47967339843843,10.309014728193617,-0.9357420487577451,0.10640071900255954
2025-11-01,NO2,High_Mountains,7.006099374302966,10.265577846878243,-3.2249736163667007,-0.03450485620857613
2025-12-01,NO2,High_Mountains,7.319573329655504,10.219852789835112,-2.5357096151905805,-0.36456984498902756
2026-01-01,NO2,High_Mountains,10.489426201624822,10.172798331729252,0.03971210948556732,0.2769157604100023
2026-02-01,NO2,High_Mountains,11.970884426876395,10.125048364124186,1.450883107944292,0.39495295480791626
2026-03-01,NO2,High_Mountains,8.206204978423617,10.076775527405928,-0.27379545607305245,-1.5967750929092581
2026-04-01,NO2,High_Mountains,13.16897864582655,10.027979634477598,2.301611951991915,0.8393870593570387
2026-05-01,NO2,High_Mountains,9.800699433519904,9.979018100394601,-0.01616912010105613,-0.1621495467736409
2026-06-01,NO2,High_Mountains,11.967592414036128,9.929854365559022,1.718661409432061,0.31907663904504524
2026-07-01,NO2,High_Mountains,9.485976059270554,9.880374312526392,-0.037105017803653065,-0.35729323545218605
2019-01-01,NO2,Middle_Mountains,12.632782847664249,14.873105427690374,-2.247201891036091,0.0068793110099658605
2019-02-01,NO2,Middle_Mountains,12.77209629704769,14.797407077058818,-1.426870502785065,-0.5984402772260626
2019-03-01,NO2,Middle_Mountains,14.335220816255712,14.716266642497798,0.6675189188730233,-1.0485647451151099
2019-04-01,NO2,Middle_Mountains,16.58683829524077,14.629565712294768,2.064661820090783,-0.10738923714478155
2019-05-01,NO2,Middle_Mountains,17.690779765217513,14.53812451958731,2.361998052876167,0.7906571927540362
2019-06-01,NO2,Middle_Mountains,16.293126581798166,14.443242720654505,0.7378024883834193,1.112081372760242
2019-07-01,NO2,Middle_Mountains,16.58996097622106,14.34604432935662,2.1400546745395137,0.10386197232492833
2019-08-01,NO2,Middle_Mountains,14.436279394932342,14.24715452422198,0.3378064389034021,-0.1486815681930409
2019-09-01,NO2,Middle_Mountains,13.616144574011166,14.1469710477691,-1.057633953475825,0.5268074797178919
2019-10-01,NO2,Middle_Mountains,14.088728197214902,14.044369417796666,0.024636719401133197,0.019722060017102194
2019-11-01,NO2,Middle_Mountains,13.169486632872644,13.922176358461101,-1.4944332468741535,0.7417435212856969
2019-12-01,NO2,Middle_Mountains,10.601396918645223,13.763428400225221,-2.8939495176670174,-0.2680819639129801
2020-01-01,NO2,Middle_Mountains,11.456303728797456,13.635619200731412,-2.012554546713146,-0.1667609252208102
2020-02-01,NO2,Middle_Mountains,12.53366683031994,13.554487087567237,-1.0334190152403122,0.012598757993014686
2020-03-01,NO2,Middle_Mountains,14.499895237043596,13.520396125783176,0.8916283599211613,0.08787075133925804
2020-04-01,NO2,Middle_Mountains,14.632159223400636,13.527010796564781,3.0955285223890843,-1.9903800955532294
2020-05-01,NO2,Middle_Mountains,13.698959151315458,13.568459806922114,2.045117286703589,-1.9146179423102438
2020-06-01,NO2,Middle_Mountains,13.48002891457504,13.646426734993529,0.7465480939838636,-0.9129459144023517
2020-07-01,NO2,Middle_Mountains,14.32003574783524,13.767231805756106,1.5281788886514647,-0.9753749465723303
2020-08-01,NO2,Middle_Mountains,14.715905909525166,13.944246481076075,0.005703445337840632,0.765955983111251
2020-09-01,NO2,Middle_Mountains,13.320394852418888,14.185648391400377,-0.9614822674644717,0.09622872848298236
2020-10-01,NO2,Middle_Mountains,14.115106726663152,14.487084380170923,-0.2578682116391266,-0.11410944186864569
2020-11-01,NO2,Middle_Mountains,12.349479907391183,14.817790068515825,-1.9810211356807108,-0.48728902544393016
2020-12-01,NO2,Middle_Mountains,12.373071810587364,15.09968734482768,-2.797725815865599,0.07111028162528221
2021-01-01,NO2,Middle_Mountains,13.65765733038475,15.2945623524214,-1.7682484583814118,0.1313434363447623
2021-02-01,NO2,Middle_Mountains,15.751152870321771,15.43892215126336,-0.6456687826040327,0.9578995016624443
2021-03-01,NO2,Middle_Mountains,20.602329926804863,15.559575082371229,1.0425929486745533,4.000161895759081
2021-04-01,NO2,Middle_Mountains,21.18635632968434,15.665434556137615,4.094347690222309,1.4265740833244145
2021-05-01,NO2,Middle_Mountains,13.32876881068568,15.76319735480087,1.7120941737461797,-4.1465227178613695
2021-06-01,NO2,Middle_Mountains,13.244612120136315,15.850965865690624,0.7674447909174373,-3.373798536471746
2021-07-01,NO2,Middle_Mountains,18.12019341236795,15.923923414621326,0.9153571798421555,1.2809128179044702
2021-08-01,NO2,Middle_Mountains,14.606938488664396,15.97947082422801,-0.3137629177139009,-1.0587694178497138
2021-09-01,NO2,Middle_Mountains,14.709371710109002,16.01303422717128,-0.8289923685935551,-0.47467014846872146
2021-10-01,NO2,Middle_Mountains,16.294350312578345,16.036127795666825,-0.509360667170962,0.7675831840824827
2021-11-01,NO2,Middle_Mountains,13.046721482915911,16.061125182432033,-2.442004877010459,-0.5723988225056615
2021-12-01,NO2,Middle_Mountains,12.660163405821976,16.082162011533534,-2.7219798994606674,-0.7000187062508907
2022-01-01,NO2,Middle_Mountains,9.15612446921494,16.08766012942886,-1.5092348554212445,-5.422300804792673
2022-02-01,NO2,Middle_Mountains,12.367502206155123,16.0846081419425,-0.2475793149115911,-3.4695266208757847
2022-03-01,NO2,Middle_Mountains,19.63038098192617,16.088346668201822,1.1303473724466913,2.4116869412776545
2022-04-01,NO2,Middle_Mountains,22.207590251846685,16.115674985851342,5.0857122618180615,1.00620300417728
2022-05-01,NO2,Middle_Mountains,11.39751052274525,16.165354115541714,1.3541915665838484,-6.122035159380312
2022-06-01,NO2,Middle_Mountains,16.543723553029885,16.218383555392347,0.7858003801156958,-0.460460382478157
2022-07-01,NO2,Middle_Mountains,16.42732426500207,16.26761668558352,0.3180921528160283,-0.1583845733974769
2022-08-01,NO2,Middle_Mountains,15.723965732125285,16.30112332939318,-0.6297321390190379,0.052574541751141624
2022-09-01,NO2,Middle_Mountains,14.306074611608771,16.301691988904892,-0.6626423554578972,-1.332975021838223
2022-10-01,NO2,Middle_Mountains,15.05615479587238,16.275853772484627,-0.711309455692289,-0.5083895209199571
2022-11-01,NO2,Middle_Mountains,13.79972860090544,16.234048605904437,-2.8720019416172686,0.43768193661827226
2022-12-01,NO2,Middle_Mountains,15.484525618097909,16.18216487811657,-2.6638694797301667,1.9662302197115054
2023-01-01,NO2,Middle_Mountains,14.929765238013566,16.126420855924156,-1.212203394531994,0.015547776621403386
2023-02-01,NO2,Middle_Mountains,16.5134550074861,16.056260536787477,0.17049577599445065,0.28669869470417453
2023-03-01,NO2,Middle_Mountains,19.102040920858805,15.96109182941919,0.9428307004364116,2.198118391003204
2023-04-01,NO2,Middle_Mountains,20.91034607326092,15.837763043880749,6.022419437231669,-0.949836407851496
2023-05-01,NO2,Middle_Mountains,17.505848919026892,15.685226116689002,1.018009705045575,0.8026130972923156
2023-06-01,NO2,Middle_Mountains,16.577045366321208,15.514331938654717,0.8751034631301456,0.18760996453634604
2023-07-01,NO2,Middle_Mountains,14.75507270137046,15.343628327329366,-0.2823677866420976,-0.3061878393168076
2023-08-01,NO2,Middle_Mountains,13.928503680833767,15.194301606254113,-0.9595129120479862,-0.30628501337236
2023-09-01,NO2,Middle_Mountains,15.025002292518016,15.083120925741591,-0.3754368879095633,0.31731825468598807
2023-10-01,NO2,Middle_Mountains,12.63529402160028,15.027692462251466,-0.8047064190787425,-1.5876920215724422
2023-11-01,NO2,Middle_Mountains,9.935722323507129,15.027964017871417,-3.1937692916170364,-1.8984724027472524
2023-12-01,NO2,Middle_Mountains,12.394852052490846,15.073124865502432,-2.6891298738321443,0.010857060820557152
2024-01-01,NO2,Middle_Mountains,12.90264365564967,15.133201917283591,-0.9048366561048968,-1.325721605529024
2024-02-01,NO2,Middle_Mountains,15.602685103442171,15.18829729690264,0.5982347131569118,-0.18384690661737935
2024-03-01,NO2,Middle_Mountains,15.996946235610077,15.247969920271213,0.5021293668757899,0.2468469484630731
2024-04-01,NO2,Middle_Mountains,24.44904036606351,15.324596850167696,6.87487355263092,2.2495699632648947
2024-05-01,NO2,Middle_Mountains,19.96902262667263,15.420094856350051,0.745770224767812,3.8031575455547646
2024-06-01,NO2,Middle_Mountains,17.606411296773913,15.51898497385434,1.078917200041743,1.008509122877829
2024-07-01,NO2,Middle_Mountains,14.39978007825313,15.59986262058215,-0.908725828476123,-0.2913567138528954
2024-08-01,NO2,Middle_Mountains,15.6531798491238,15.630876830704779,-1.2763386085868909,1.2986416270059138
2024-09-01,NO2,Middle_Mountains,14.861816507121336,15.597901335653555,-0.05392996549642998,-0.6821548630357892
2024-10-01,NO2,Middle_Mountains,14.148124167455324,15.499707235430257,-0.8925532262417707,-0.4590298417331624
2024-11-01,NO2,Middle_Mountains,12.195935174748453,15.359374492306852,-3.4968496093303436,0.33341029177194415
2024-12-01,NO2,Middle_Mountains,13.134382456184436,15.215618085725554,-2.720605264538834,0.6393696349977169
2025-01-01,NO2,Middle_Mountains,15.721142669081605,15.1062478746494,-0.5943684502975538,1.20926324472976
2025-02-01,NO2,Middle_Mountains,14.152389877716532,15.046903084816709,1.0160161776373091,-1.9105293847374867
2025-03-01,NO2,Middle_Mountains,22.10747594865673,15.022690739985624,0.003816569435329131,7.080968639235778
2025-04-01,NO2,Middle_Mountains,21.767061279524363,15.011171290477126,7.707638214969384,-0.951748225922147
2025-05-01,NO2,Middle_Mountains,14.799668028437305,15.001192184889952,0.4674098910374811,-0.6689340474901293
2025-06-01,NO2,Middle_Mountains,14.593992480334483,14.995051257773227,1.3068726803802035,-1.7079314578189475
2025-07-01,NO2,Middle_Mountains,14.312872211553913,14.991472105019994,-1.5365946497433487,0.8579947562772663
2025-08-01,NO2,Middle_Mountains,12.808915955369036,15.010706779036365,-1.5776930132247833,-0.6240978104425459
2025-09-01,NO2,Middle_Mountains,16.27968259744684,15.072715853340512,0.30054649218934265,0.9064202519169857
2025-10-01,NO2,Middle_Mountains,15.616301524283172,15.162817676731594,-0.9575752876560584,1.4110591352076352
2025-11-01,NO2,Middle_Mountains,11.88815836815839,15.251804033087904,-3.7728992270137596,0.40925356208424546
2025-12-01,NO2,Middle_Mountains,11.55911293972582,15.337906144996584,-2.766986239035653,-1.0118069662351115
2026-01-01,NO2,Middle_Mountains,14.941078548898927,15.419819242189313,-0.2647638176280821,-0.2139768756623024
2026-02-01,NO2,Middle_Mountains,18.052664031259106,15.497780598790762,1.434017658118746,1.1208657743495962
2026-03-01,NO2,Middle_Mountains,13.751987374337649,15.572263780189923,-0.5884255475283197,-1.2318508583239538
2026-04-01,NO2,Middle_Mountains,24.170906762385584,15.643394114852953,8.517502181107444,0.010010466425187659
2026-05-01,NO2,Middle_Mountains,15.99396895146231,15.711818086981376,0.16937388153622318,0.11277698294471072
2026-06-01,NO2,Middle_Mountains,17.7813537731778,15.778195059732742,1.5404124259746466,0.46274628747040936
2026-07-01,NO2,Middle_Mountains,13.23531408837454,15.84291156814427,-2.1574663483829233,-0.45013113138680616
2019-01-01,NO2,Siwalik,17.498268660296457,19.182791443558898,-1.670662835419375,-0.013859947843066323
2019-02-01,NO2,Siwalik,17.561788157085626,19.036782354142883,-0.9835176435643688,-0.49147655349288755
2019-03-01,NO2,Siwalik,20.763092355536173,18.890771952154882,1.6047678648780432,0.26755253850324934
2019-04-01,NO2,Siwalik,21.784632204241824,18.74538349583838,2.687669632570335,0.35157907583311143
2019-05-01,NO2,Siwalik,25.270450803677196,18.601171108318706,-2.39355829785614,9.062837993214629
2019-06-01,NO2,Siwalik,21.738222996651785,18.45842074554831,2.599568084955759,0.6802341661477165
2019-07-01,NO2,Siwalik,19.83503725278657,18.31717815441799,1.9054938291425216,-0.38763473077394295
2019-08-01,NO2,Siwalik,18.24410091524413,18.176755746270175,0.5787305246938049,-0.5113853557198489
2019-09-01,NO2,Siwalik,16.36682512501344,18.035890491647763,-1.519196820155912,-0.1498685464784124
2019-10-01,NO2,Siwalik,18.013287002537304,17.892261935488097,0.26369794733534024,-0.14267288028613478
2019-11-01,NO2,Siwalik,17.204358434894495,17.74190965266081,-1.3973396804453795,0.8597884626790666
2019-12-01,NO2,Siwalik,14.407453083295838,17.631529230809903,-2.5324894028993543,-0.6915867446147104
2020-01-01,NO2,Siwalik,15.74184076735955,17.56573655711428,-1.8533180444998505,0.029422254745117726
2020-02-01,NO2,Siwalik,16.704212258352268,17.546385234585667,-0.7202490789534144,-0.12192389727998432
2020-03-01,NO2,Siwalik,18.51246734166695,17.562370907567594,1.6230135431450103,-0.6729171090456525
2020-04-01,NO2,Siwalik,20.31386472131553,17.6077332133039,4.4154012044827375,-1.7092696964711074
2020-05-01,NO2,Siwalik,17.160140123723703,17.68276587116371,-2.24830124299436,1.725675495554352
2020-06-01,NO2,Siwalik,16.86027613567953,17.794756348310184,2.769704720743399,-3.7041849333740515
2020-07-01,NO2,Siwalik,18.421710851939174,17.945880745518835,1.1692667714512066,-0.6934366650308661
2020-08-01,NO2,Siwalik,17.567611817097724,18.137656299488643,0.12741650534660004,-0.697460987737518
2020-09-01,NO2,Siwalik,17.48651537490064,18.360775634072944,-1.3448868398337772,0.4706265806614738
2020-10-01,NO2,Siwalik,18.26456946127765,18.60251908458776,-0.1195539675921139,-0.21839565571799824
2020-11-01,NO2,Siwalik,16.44634891488136,18.855444665705633,-2.0127957740804536,-0.3962999767438191
2020-12-01,NO2,Siwalik,16.243821902027207,19.102602140125192,-2.673382346928286,-0.18539789116969985
2021-01-01,NO2,Siwalik,17.73273174375706,19.33189137127762,-2.012148947568334,0.41298932004777456
2021-02-01,NO2,Siwalik,21.222792854272026,19.55073245655583,-0.45702348672765214,2.1290838844438476
2021-03-01,NO2,Siwalik,31.48977529119959,19.747557716076873,1.6112426885979363,10.130974886524779
2021-04-01,NO2,Siwalik,32.46462532879806,19.91236583572889,6.093496537136143,6.458762955933022
2021-05-01,NO2,Siwalik,17.10213805961703,20.04178896785057,-2.0075259804856285,-0.932124927747914
2021-06-01,NO2,Siwalik,17.802935188268258,20.132118117909265,2.950224741630907,-5.279407671271914
2021-07-01,NO2,Siwalik,21.87874702921021,20.191934066871905,0.4131303965968744,1.2736825657414315
2021-08-01,NO2,Siwalik,20.59830923235546,20.21600794582387,-0.3698972254810829,0.7521985120126757
2021-09-01,NO2,Siwalik,18.870729437342984,20.190742227298855,-1.1601454032984961,-0.15986738665737477
2021-10-01,NO2,Siwalik,21.392193259437217,20.13508743829132,-0.47849147800411057,1.7355972991500082
2021-11-01,NO2,Siwalik,16.196786638634816,20.093157622760245,-2.6075437333613753,-1.2888272507640544
2021-12-01,NO2,Siwalik,17.337351218325406,20.08186627845229,-2.8570942766551104,0.11257921652822844
2022-01-01,NO2,Siwalik,14.359033229672576,20.077229425370362,-2.1406811567509028,-3.577515038946885
2022-02-01,NO2,Siwalik,17.80997362045673,20.062181816633537,-0.17808064342967092,-2.074127552747136
2022-03-01,NO2,Siwalik,26.28875240973993,20.047444252553074,1.5562815137335986,4.685026643453259
2022-04-01,NO2,Siwalik,29.935173879482942,20.05819254923051,7.740796584912856,2.1361847453395733
2022-05-01,NO2,Siwalik,16.887087972484203,20.110126361484085,-1.720145685896591,-1.5028927031032921
2022-06-01,NO2,Siwalik,23.2291141961823,20.208422600474314,3.1298146997080294,-0.10912310400004088
2022-07-01,NO2,Siwalik,20.09203516346225,20.357404232723646,-0.3419231455955767,0.07655407633417965
2022-08-01,NO2,Siwalik,20.712350757634383,20.55352110357659,-0.9045726194415309,1.0634022734993245
2022-09-01,NO2,Siwalik,18.5047275897354,20.76416822554917,-0.97479417055772,-1.2846464652560527
2022-10-01,NO2,Siwalik,19.168606817739345,20.934235893054428,-0.7977483116729868,-0.9678807636420963
2022-11-01,NO2,Siwalik,18.51243443872962,21.024723303736543,-3.1887791276375017,0.6764902626305798
2022-12-01,NO2,Siwalik,19.78735665620964,21.05748319097517,-3.0760831536610773,1.8059566188955465
2023-01-01,NO2,Siwalik,18.955423672469102,21.07277495289517,-2.1666678428719357,0.04931656244586691
2023-02-01,NO2,Siwalik,21.999346593673764,21.0718595973368,0.1427251712002399,0.784761825136723
2023-03-01,NO2,Siwalik,28.61722909003391,21.043508655313353,1.3298512375435707,6.243869197176984
2023-04-01,NO2,Siwalik,36.4558606463491,20.993558018638296,9.375417994496374,6.0868846332144315
2023-05-01,NO2,Siwalik,26.57548859572005,20.92170704135978,-1.3767834323783337,7.030564986738604
2023-06-01,NO2,Siwalik,23.541889752176445,20.829177856995784,3.369737882771863,-0.6570259875912008
2023-07-01,NO2,Siwalik,20.32846529639164,20.710665019478714,-1.1052132882664008,0.723013565179329
2023-08-01,NO2,Siwalik,19.16204535122394,20.573561789472613,-1.6006865492846292,0.18917011103595627
2023-09-01,NO2,Siwalik,20.46729386972396,20.45485378498621,-0.7973262320288875,0.8097663167666376
2023-10-01,NO2,Siwalik,17.804855801661205,20.394968621264496,-1.0445698830428536,-1.5455429365604374
2023-11-01,NO2,Siwalik,15.342231510893336,20.401752927216766,-3.674869384125367,-1.384652032198062
2023-12-01,NO2,Siwalik,17.27968029368272,20.458008499176902,-3.4472584334075607,0.26893022791337984
2024-01-01,NO2,Siwalik,16.563545225548996,20.536601167676228,-2.1133473444923654,-1.8597085976348673
2024-02-01,NO2,Siwalik,20.74132827975569,20.62079916903184,0.5117205014623419,-0.3911913907384914
2024-03-01,NO2,Siwalik,23.509286444065104,20.7133341137781,1.064718575503201,1.7312337547838048
2024-04-01,NO2,Siwalik,41.58538633881582,20.825627270182487,10.964277071794399,9.795481996838937
2024-05-01,NO2,Siwalik,27.341901094178,20.962338132922003,-0.9690891506335715,7.348652111889567
2024-06-01,NO2,Siwalik,25.600201917388155,21.11165858520074,3.681663713093932,0.8068796190934826
2024-07-01,NO2,Siwalik,17.54445037685104,21.256066227476328,-1.9093813620303017,-1.802234488594987
2024-08-01,NO2,Siwalik,19.88434884663745,21.364422649898533,-2.334758761416126,0.854684958155044
2024-09-01,NO2,Siwalik,21.082664567835423,21.429188632028463,-0.6128586486915032,0.2663345844984626
2024-10-01,NO2,Siwalik,20.119941688386564,21.449700244291645,-1.2999379822347799,-0.029820573670299666
2024-11-01,NO2,Siwalik,18.180761309611327,21.432633525935273,-4.1448180422417815,0.8929458259178347
2024-12-01,NO2,Siwalik,17.98168518517936,21.39560896455357,-3.8512270875631085,0.4373033081888984
2025-01-01,NO2,Siwalik,19.53378533025735,21.348980410351125,-2.0539474366382553,0.2387523565444809
2025-02-01,NO2,Siwalik,20.00392327178116,21.30330664332458,0.8748218371987839,-2.174205208742201
2025-03-01,NO2,Siwalik,32.22259156953293,21.25821854295596,0.8337473410069407,10.130625685570031
2025-04-01,NO2,Siwalik,33.41247466308506,21.204413006319342,12.517355090346651,-0.30929343358093675
2025-05-01,NO2,Siwalik,21.593356037511963,21.14851495587541,-0.5231076721435466,0.9679487537800995
2025-06-01,NO2,Siwalik,19.235734421492207,21.108680716743297,4.016090040680758,-5.8890363359318485
2025-07-01,NO2,Siwalik,18.57481541917945,21.084043568398315,-2.7384690324926972,0.2292408832738353
2025-08-01,NO2,Siwalik,16.327298153491324,21.075399803119137,-3.1091369433394354,-1.6389647062883768
2025-09-01,NO2,Siwalik,20.422927132345315,21.082345654751876,-0.41798520124816907,-0.241433321158393
2025-10-01,NO2,Siwalik,20.511159621114185,21.082508365014892,-1.536531428860494,0.9651826849597889
2025-11-01,NO2,Siwalik,16.52818668814154,21.081570986600074,-4.587743183883763,0.03435888542522747
2025-12-01,NO2,Siwalik,15.57141122715458,21.082694064607836,-4.293782172474264,-1.2175006649789921
2026-01-01,NO2,Siwalik,20.000976277672585,21.08554536367457,-1.9590202114641635,0.8744511254621798
2026-02-01,NO2,Siwalik,24.06609117715716,21.090067490229,1.2456633556209242,1.730360331307235
2026-03-01,NO2,Siwalik,20.750763289320485,21.09541209593816,0.5679403417259221,-0.9125891483435957
2026-04-01,NO2,Siwalik,35.07533964694314,21.100277517240812,14.031951900995514,-0.05688977129318573
2026-05-01,NO2,Siwalik,20.681156994071213,21.104094514065782,-0.03917244371735877,-0.3837650762772107
2026-06-01,NO2,Siwalik,25.29583282823297,21.106701092985766,4.363379428731394,-0.17424769348419034
2026-07-01,NO2,Siwalik,17.81817420989749,21.108315523208223,-3.572175605555082,0.2820342922443473
2019-01-01,NO2,Terai,22.15722632007543,22.55135404379168,-1.2644312012096952,0.8703034774934473
2019-02-01,NO2,Terai,20.680387320217168,22.628960404936507,-2.1974027914550156,0.24882970673567684
2019-03-01,NO2,Terai,25.615068818007757,22.706556140313573,3.609507211335525,-0.7009945336413423
2019-04-01,NO2,Terai,27.79471583221102,22.782454247578038,6.143272845595766,-1.1310112609627865
2019-05-01,NO2,Terai,32.23749822661371,22.855545875212492,-3.352268166934922,12.734220518336137
2019-06-01,NO2,Terai,28.36023836112866,22.925816874080734,5.322160207028312,0.112261280019613
2019-07-01,NO2,Terai,23.48012510041232,22.994050083402264,0.5826014106410944,-0.09652639363103788
2019-08-01,NO2,Terai,20.820719605208104,23.062093887340986,-2.1181081899723515,-0.12326609216053086
2019-09-01,NO2,Terai,20.13948194708533,23.133931364179617,-3.513774164441408,0.5193247473471203
2019-10-01,NO2,Terai,22.315458653626063,23.217214303503937,-1.1909518990131334,0.28919624913525865
2019-11-01,NO2,Terai,24.287116193425152,23.316640234354043,-0.1516023514883809,1.1220783105594911
2019-12-01,NO2,Terai,21.31387899819514,23.35420402354777,-2.2302643677855527,0.18993934243292188
2020-01-01,NO2,Terai,20.769230037297024,23.3544898130304,-1.809548412939578,-0.7757113627937997
2020-02-01,NO2,Terai,20.94653579662841,23.352372644769343,-1.7991903945955425,-0.606646453545391
2020-03-01,NO2,Terai,21.87934557066853,23.366973223263475,3.4959250280761403,-4.983552680671085
2020-04-01,NO2,Terai,24.84040659742716,23.402439497227064,7.390436134190841,-5.952469033990745
2020-05-01,NO2,Terai,22.37535223086496,23.46659248415653,-2.890785765282612,1.7995455119910417
2020-06-01,NO2,Terai,21.58130789263361,23.562123939698022,5.5388412509041665,-7.519657297968578
2020-07-01,NO2,Terai,22.021145401532586,23.6869542563519,-0.2506723520715613,-1.4151365027477532
2020-08-01,NO2,Terai,19.673508946842865,23.85027796740526,-2.6667218244404456,-1.510047196121949
2020-09-01,NO2,Terai,20.16330688392274,24.061492915077256,-3.535380892504538,-0.36280513864997843
2020-10-01,NO2,Terai,22.53877493261206,24.331338980591703,-1.5116940379027068,-0.280870010076935
2020-11-01,NO2,Terai,23.90705034657982,24.657912697997215,-0.2631805004079757,-0.48768185100941963
2020-12-01,NO2,Terai,22.44121885405227,25.016276064280444,-2.0513098206540934,-0.5237473895740798
2021-01-01,NO2,Terai,24.096822917912444,25.367757288351495,-2.30929141756868,1.0383570471296295
2021-02-01,NO2,Terai,25.849265766369047,25.696112492191688,-1.3871744927767806,1.5403277669541389
2021-03-01,NO2,Terai,35.976950591678474,25.981094386120862,3.3123717534153605,6.683484452142249
2021-04-01,NO2,Terai,36.45150656547469,26.204521189831006,8.577331301392018,1.669654074251664
2021-05-01,NO2,Terai,22.047152961791948,26.363787453776713,-2.351005499396387,-1.9656289925883783
2021-06-01,NO2,Terai,24.854422932083267,26.465345174945654,5.761270991475715,-7.372193234338102
2021-07-01,NO2,Terai,27.19311020184489,26.523108364298622,-1.107451231543163,1.7774530690894288
2021-08-01,NO2,Terai,24.91530489652686,26.53467819203823,-3.2640093636765157,1.6446360681651448
2021-09-01,NO2,Terai,23.10434698464218,26.495946207910862,-3.5437725378597116,0.15217331459103178
2021-10-01,NO2,Terai,25.850985761181764,26.423278139395627,-1.8040672301758816,1.2317748519620189
2021-11-01,NO2,Terai,24.46632621055321,26.354057265114857,-0.3592936183838278,-1.5284374361778212
2021-12-01,NO2,Terai,23.523603481200755,26.305289157695228,-1.9093137458299252,-0.8723719306645457
2022-01-01,NO2,Terai,22.06899412811998,26.266483271020064,-2.75701639180737,-1.4404727510927167
2022-02-01,NO2,Terai,22.14312915962917,26.22563730479468,-0.9554958955573406,-3.127012249608171
2022-03-01,NO2,Terai,31.21421508093177,26.19803527048263,3.1008273059285023,1.9153525045206372
2022-04-01,NO2,Terai,35.51635362657228,26.219202329846787,9.734147142525455,-0.4369958457999594
2022-05-01,NO2,Terai,24.03214379452458,26.30344102842946,-1.794879196023642,-0.4764180378812384
2022-06-01,NO2,Terai,32.156458625847186,26.446347908245286,5.977243024357891,-0.26713230675598965
2022-07-01,NO2,Terai,25.5323035548342,26.6397905304858,-1.9590922345429935,0.8516052588913929
2022-08-01,NO2,Terai,23.46986602546481,26.86993186268167,-3.89680742889423,0.4967415916773703
2022-09-01,NO2,Terai,22.61080835804609,27.108619602082502,-3.5440535511217375,-0.9537576929146745
2022-10-01,NO2,Terai,22.77643925434869,27.325928034581462,-2.0624792441874185,-2.4870095360453526
2022-11-01,NO2,Terai,27.815805836716088,27.49652106395757,-0.44882075762767965,0.7681055303861974
2022-12-01,NO2,Terai,27.57040287051618,27.618505531728964,-1.804705457111859,1.7566027958990738
2023-01-01,NO2,Terai,24.059081743121865,27.699830518538487,-3.004443278652727,-0.6363054967638959
2023-02-01,NO2,Terai,27.39637423511525,27.73583450586113,-0.44345113806141023,0.10399086731552742
2023-03-01,NO2,Terai,32.263088836870764,27.73053146469162,2.747329943984296,1.7852274281948475
2023-04-01,NO2,Terai,40.24992760174721,27.696643003732156,10.745730286289307,1.8075543117257453
2023-05-01,NO2,Terai,33.63967568046927,27.62989435947987,-1.241611621793209,7.2513929427826085
2023-06-01,NO2,Terai,33.45315554723361,27.518183707035945,6.182408178064366,-0.24743633786670216
2023-07-01,NO2,Terai,24.529512739992384,27.355258042360912,-2.775991361203755,-0.04975394116477361
2023-08-01,NO2,Terai,23.067188599299055,27.15186295243614,-4.6729494514373595,0.5882750983002722
2023-09-01,NO2,Terai,23.505756074283624,26.92636036353787,-3.4952641693381956,0.0746598800839493
2023-10-01,NO2,Terai,23.827023841739376,26.706160214873428,-2.2264174341827854,-0.6527189389512671
2023-11-01,NO2,Terai,25.085187870145987,26.52715658998075,-0.4348860032600057,-1.0070827165747573
2023-12-01,NO2,Terai,25.4573987269646,26.432783475669144,-1.7767923929447094,0.8014076442401645
2024-01-01,NO2,Terai,21.61222483312452,26.42139417036892,-3.0637973604320448,-1.7453719768123541
2024-02-01,NO2,Terai,26.67702988714053,26.459020816913565,0.1713490850750751,0.04665998515189074
2024-03-01,NO2,Terai,27.278222845475018,26.520292706778534,2.0984150850530066,-1.340484946356522
2024-04-01,NO2,Terai,44.39597863735528,26.597009234247835,11.627375948238019,6.171593454869424
2024-05-01,NO2,Terai,33.81046040541472,26.687184221313736,-0.6481196402275182,7.771395824328508
2024-06-01,NO2,Terai,34.081436706977485,26.78608633158004,6.390402546874771,0.9049478285226726
2024-07-01,NO2,Terai,21.83366583528736,26.890332893423672,-3.5988246488019504,-1.4578424093343614
2024-08-01,NO2,Terai,22.327486288539312,26.98410831136799,-5.463329151453847,0.8067071286251704
2024-09-01,NO2,Terai,24.431921102685944,27.063836028263726,-3.4130301667023946,0.7811152411246134
2024-10-01,NO2,Terai,25.137421394543463,27.113440409547987,-2.3634670304552756,0.3874480154507509
2024-11-01,NO2,Terai,27.968702951274626,27.10044777929948,-0.3817003480251871,1.2499555200003343
2024-12-01,NO2,Terai,25.73073843461311,27.02234412050665,-1.7408345467554418,0.4492288608619006
2025-01-01,NO2,Terai,24.10801744298345,26.905472610072763,-3.0814140468759734,0.2839588797866597
2025-02-01,NO2,Terai,26.330075570935648,26.78568622875064,0.8119953981260236,-1.267606055941016
2025-03-01,NO2,Terai,34.95253716499826,26.667682513511615,1.337388189903603,6.947466461583041
2025-04-01,NO2,Terai,37.4260638417264,26.541162386513825,12.473838113997504,-1.5889366587849238
2025-05-01,NO2,Terai,28.427738552569405,26.4160635251688,-0.0059727825786274995,2.017647809979234
2025-06-01,NO2,Terai,25.744446560308845,26.31661405396088,6.611765073751416,-7.183932567403449
2025-07-01,NO2,Terai,21.67067410003212,26.250654317888998,-4.443317956479517,-0.13666226137736004
2025-08-01,NO2,Terai,18.20819810862612,26.22163538299262,-6.289754748845168,-1.7236825255213297
2025-09-01,NO2,Terai,22.603868416737168,26.230478802578077,-3.306268802515501,-0.3203415833254084
2025-10-01,NO2,Terai,24.29416236508913,26.290937382930682,-2.466628004197411,0.4698529863558569
2025-11-01,NO2,Terai,25.68967981902735,26.350045225719775,-0.2972029851477835,-0.36316242154464007
2025-12-01,NO2,Terai,23.27904229148681,26.413266204836372,-1.7266364920005086,-1.407587421349053
2026-01-01,NO2,Terai,24.718633284224676,26.48159834377923,-3.0373624632229332,1.274397403668381
2026-02-01,NO2,Terai,29.21018681122555,26.555260236020903,1.4767685312678063,1.1781580439368433
2026-03-01,NO2,Terai,26.958819907196204,26.633062987969623,0.4905661527330669,-0.16480923350648524
2026-04-01,NO2,Terai,40.45426755999562,26.71324955216921,13.280535158494121,0.46048284933229056
2026-05-01,NO2,Terai,26.26858241119908,26.794378212543542,0.6681586088668694,-1.1939544102113295
2026-06-01,NO2,Terai,33.286924689484024,26.875298382347406,6.831649988451264,-0.42002368131464607
2026-07-01,NO2,Terai,22.23843450165812,26.95586009972378,-5.2890956616625155,0.571670063596855
2019-01-01,SO2,High_Himal,107.88902868940382,18.38168158202059,94.95354428936727,-5.446197181984047
2019-02-01,SO2,High_Himal,-60.36778584437223,20.06063324840148,98.1754671475851,-178.6038862403588
2019-03-01,SO2,High_Himal,-106.92988454215576,21.652519622429224,-118.38536479632697,-10.197039368258018
2019-04-01,SO2,High_Himal,-19.63895785348468,23.159644519008793,-49.16504608906512,6.3664437165716485
2019-05-01,SO2,High_Himal,-25.632486066583223,24.593323590689018,-48.71956778240913,-1.506241874863111
2019-06-01,SO2,High_Himal,-23.025613369150943,25.963751065101874,-54.51816192828323,5.52879749403041
2019-07-01,SO2,High_Himal,-18.279914186210743,27.279802166519445,-52.9491102828303,7.389393930100113
2019-08-01,SO2,High_Himal,-7.697186390520152,28.540558247116092,-47.128181120640555,10.890436483004311
2019-09-01,SO2,High_Himal,-14.298994552231427,29.71882833007587,-48.613995812773915,4.596172930466619
2019-10-01,SO2,High_Himal,17.142358539056083,30.737540453429336,-8.039901169072513,-5.555280745300738
2019-11-01,SO2,High_Himal,3.6902014677805615,31.502917580930426,82.91538211682257,-110.72809822997243
2019-12-01,SO2,High_Himal,167.26911258818956,32.558182770815996,146.10406272087602,-11.393132903502455
2020-01-01,SO2,High_Himal,9.948797986008888,33.37954016588526,76.79234298385641,-100.22308516373279
2020-02-01,SO2,High_Himal,233.2733984743313,33.90341520483438,86.19942060126093,113.17056266823599
2020-03-01,SO2,High_Himal,-253.67647766325243,34.08437207462442,-95.08380567874113,-192.6770440591357
2020-04-01,SO2,High_Himal,-84.53170055209932,34.23101670835676,-45.08220543433636,-73.68051182611973
2020-05-01,SO2,High_Himal,-0.5639380103657433,34.73142923310368,-42.17587152148199,6.880504278012559
2020-06-01,SO2,High_Himal,-16.021658418022298,35.77067189981585,-47.831909128727844,-3.9604211891103063
2020-07-01,SO2,High_Himal,-7.737006976568653,36.88678524624517,-49.59071777558176,4.96692555276794
2020-08-01,SO2,High_Himal,1.9400757227572831,37.461139938318546,-43.18117813744936,7.660113921888097
2020-09-01,SO2,High_Himal,-6.728280975777601,37.41211773388568,-41.701684729915655,-2.438713979747625
2020-10-01,SO2,High_Himal,40.81825801832885,36.80237543392838,-4.283735821851271,8.299618406251739
2020-11-01,SO2,High_Himal,92.26595103531236,35.82695558426646,81.51711376297949,-25.078118311933594
2020-12-01,SO2,High_Himal,159.1231416234471,34.535311122928725,118.87238645541234,5.715444045106047
2021-01-01,SO2,High_Himal,101.78220480528957,33.101741384046875,58.561721324164566,10.118742097078126
2021-02-01,SO2,High_Himal,99.84270702054454,31.800108027156416,73.75474797715714,-5.712148983769016
2021-03-01,SO2,High_Himal,-26.745659501725505,30.769705169754907,-72.32741418721835,14.81204951573794
2021-04-01,SO2,High_Himal,47.96551570092719,29.963286359879202,-40.438377785209454,58.44060712625743
2021-05-01,SO2,High_Himal,-30.62018866850976,29.354171828166333,-35.64293746548769,-24.3314230311884
2021-06-01,SO2,High_Himal,-4.137217379051016,28.91506222500145,-40.739279419124564,7.686999815072099
2021-07-01,SO2,High_Himal,-29.8294949609907,28.68712600613168,-45.603616405029165,-12.913004562093217
2021-08-01,SO2,High_Himal,-20.3199099478084,28.63806471374763,-38.38842607401558,-10.569548587540456
2021-09-01,SO2,High_Himal,-14.075744126050758,28.86072661316727,-34.922333522257766,-8.014137216960261
2021-10-01,SO2,High_Himal,34.65933713396544,29.329564604687256,-0.33913565335212725,5.668908182630311
2021-11-01,SO2,High_Himal,123.2881151464352,30.025261692659264,78.94299023655147,14.319863217224473
2021-12-01,SO2,High_Himal,247.91692255406176,30.821801054658525,91.34365121305474,125.75147028634848
2022-01-01,SO2,High_Himal,-154.05968673514903,31.686791142962345,40.75638092120746,-226.50285879931883
2022-02-01,SO2,High_Himal,-80.33037804054315,32.55697424171496,60.72234996791051,-173.60970225016862
2022-03-01,SO2,High_Himal,-13.736163735737836,33.52240702666923,-49.989699714728424,2.731128952321356
2022-04-01,SO2,High_Himal,-16.503273750416728,34.59919270787398,-35.634055693523834,-15.468410764766876
2022-05-01,SO2,High_Himal,31.322142346319907,35.45864904207235,-29.158573058406574,25.02206636265413
2022-06-01,SO2,High_Himal,-5.951301672922615,36.1220739591682,-33.18473962572613,-8.888636006364681
2022-07-01,SO2,High_Himal,0.6389969333054522,36.98969564648531,-41.051002100258536,4.700303387078677
2022-08-01,SO2,High_Himal,-16.12432011793442,38.05757987444057,-32.97892968345064,-21.202970308924353
2022-09-01,SO2,High_Himal,8.346115518109425,38.777215516909344,-28.49278111799384,-1.9383188808060794
2022-10-01,SO2,High_Himal,34.60885089443275,38.87194279890301,3.747656719142663,-8.010748623612919
2022-11-01,SO2,High_Himal,131.6753037865026,38.42340214151282,75.6820250753728,17.569876569616987
2022-12-01,SO2,High_Himal,131.8096008157328,37.71114244782015,63.89760291132972,30.20085545658293
2023-01-01,SO2,High_Himal,141.41806097240743,36.98122568650361,24.231378450114327,80.20545683578948
2023-02-01,SO2,High_Himal,99.28798658521156,36.24704355382971,47.30596314908953,15.734979882292315
2023-03-01,SO2,High_Himal,7.35051323105625,35.51959462436162,-31.069601785727418,2.9005203924220453
2023-04-01,SO2,High_Himal,-12.889486119848266,34.50234863210577,-30.601630368017492,-16.790204383936548
2023-05-01,SO2,High_Himal,19.01486075839125,32.92026697982157,-22.475320616782465,8.56991439535215
2023-06-01,SO2,High_Himal,-2.0803303727750717,30.69070507156064,-24.490754417571473,-8.28028102676424
2023-07-01,SO2,High_Himal,-23.13146548567506,28.22462917587982,-34.382002403560286,-16.974092257994595
2023-08-01,SO2,High_Himal,-0.9339741242847496,26.278455231833735,-25.281803110428427,-1.930626245690057
2023-09-01,SO2,High_Himal,23.16996772278861,24.520129615606812,-23.145256781987474,21.79509488916927
2023-10-01,SO2,High_Himal,22.14969821909358,22.101258891600615,7.2946615223078926,-7.246222194814928
2023-11-01,SO2,High_Himal,95.724352089026,19.057923784764974,70.6781290297907,5.988299274470329
2023-12-01,SO2,High_Himal,184.9228065932212,15.944384395939009,35.604093515893226,133.37432868138896
2024-01-01,SO2,High_Himal,243.4812951620183,13.141768908061287,7.7388928550153055,222.6006333989417
2024-02-01,SO2,High_Himal,130.429684519484,10.71364484246557,34.01631338238535,85.69972629463308
2024-03-01,SO2,High_Himal,-81.56556801547967,8.45778597898553,-15.380589584981683,-74.64276440948352
2024-04-01,SO2,High_Himal,6.643418884604606,6.036994729013222,-24.771841638348256,25.37826579393964
2024-05-01,SO2,High_Himal,-35.595269773146846,3.2754871107607,-15.86363814254046,-23.007118741367087
2024-06-01,SO2,High_Himal,-17.107962065675622,0.4264239523645865,-14.96886391768567,-2.565522100354538
2024-07-01,SO2,High_Himal,-39.49537128633896,-2.033266139997409,-26.037331116118413,-11.424774030223137
2024-08-01,SO2,High_Himal,-31.0491873402919,-3.580509490107297,-15.34764274691404,-12.121035103270565
2024-09-01,SO2,High_Himal,32.303373598684665,-3.77122876692014,-17.556345177717336,53.630947543322144
2024-10-01,SO2,High_Himal,41.51700760379967,-3.036326486357617,10.691342570565235,33.86199151959205
2024-11-01,SO2,High_Himal,8.882640730124745,-1.8839040475137516,64.89837973038861,-54.13183495275011
2024-12-01,SO2,High_Himal,-10.50724391000036,-0.6721021408521688,6.827477648460006,-16.662619417608198
2025-01-01,SO2,High_Himal,-37.775699406656734,0.40607160395245745,-9.311317874842006,-28.87045313576719
2025-02-01,SO2,High_Himal,10.024793224535529,1.3731294724066678,20.420496884390886,-11.768833132262024
2025-03-01,SO2,High_Himal,38.1623876740932,2.1119441984387985,-0.06571950396208531,36.11616297961649
2025-04-01,SO2,High_Himal,4.317345222138616,2.7036813271750444,-18.402848131991558,20.01651202695513
2025-05-01,SO2,High_Himal,2.40754775106955,3.251840760354999,-9.497823289654175,8.653530280368727
2025-06-01,SO2,High_Himal,2.771490481922192,3.927238282354118,-5.203129475723515,4.047381675291589
2025-07-01,SO2,High_Himal,-7.882068949196496,4.660722873563456,-17.34422194712593,4.801430124365979
2025-08-01,SO2,High_Himal,5.93611467906323,5.039312504713473,-4.8162258889082645,5.7130280632580215
2025-09-01,SO2,High_Himal,-23.995835778646665,4.742685116207367,-11.95951146643497,-16.779009428419062
2025-10-01,SO2,High_Himal,8.253433380238501,3.84937955514408,14.262693510401787,-9.858639685307367
2025-11-01,SO2,High_Himal,56.619829890779705,3.2674714634231634,58.418009551841216,-5.065651124484674
2025-12-01,SO2,High_Himal,-15.779658458280217,3.137125592389265,-22.4875479221457,3.5707638714762195
2026-01-01,SO2,High_Himal,-6.674368468808585,3.141219554487315,-26.439440103303717,16.62385208000782
2026-02-01,SO2,High_Himal,13.515917001497634,3.208959031386504,6.489241318786082,3.817716651325048
2026-03-01,SO2,High_Himal,-6.212913121198843,3.3079617041115843,14.938486543804723,-24.45936136911515
2026-04-01,SO2,High_Himal,-27.87434607243229,3.422544763179861,-11.638211843165223,-19.658678992446927
2026-05-01,SO2,High_Himal,-1.7537110266569285,3.5580374688848897,-3.188537216141042,-2.123211279400776
2026-06-01,SO2,High_Himal,11.880065211967349,3.732378654874875,4.9472566313286785,3.200429925763795
2026-07-01,SO2,High_Himal,5.590281788590607,3.9635161781239447,-8.045904268997912,9.672669879464575
2026-08-01,SO2,High_Himal,19.28347107115733,4.262980809316489,6.452519024270646,8.567971237570195
2019-01-01,SO2,High_Mountains,99.78508367168226,79.76863780572633,148.41341625063902,-128.39697038468307
2019-02-01,SO2,High_Mountains,59.78344656867369,79.24176166085431,101.4800791526952,-120.93839424487581
2019-03-01,SO2,High_Mountains,15.294922098560152,78.72016870687649,-65.27795869588583,1.8527120875694862
2019-04-01,SO2,High_Mountains,-0.4474611151266331,78.20678775725045,-66.37311076345553,-12.281138108921553
2019-05-01,SO2,High_Mountains,7.958595648038583,77.70647703004768,-84.23197089482987,14.484089512820773
2019-06-01,SO2,High_Mountains,-21.50531764327788,77.23447151283646,-96.61156870122767,-2.128220454886673
2019-07-01,SO2,High_Mountains,-17.87915666645128,76.79790178172759,-97.10481719415179,2.4277587459729233
2019-08-01,SO2,High_Mountains,-6.441168953802075,76.40083606439087,-85.61801680188668,2.7760117836937326
2019-09-01,SO2,High_Mountains,-9.22949749474366,76.04093621544108,-89.43176259734526,4.161328887160522
2019-10-01,SO2,High_Mountains,30.510136075261247,75.69923399315293,-34.30298660500602,-10.88611131288566
2019-11-01,SO2,High_Mountains,78.84636596396851,75.31875080626635,174.81992838326596,-171.29231322556382
2019-12-01,SO2,High_Mountains,248.4551665546213,74.71546285780143,187.66091621033482,-13.92121251351496
2020-01-01,SO2,High_Mountains,197.7098869674744,73.93927807128871,125.15060464234982,-1.379995746164127
2020-02-01,SO2,High_Mountains,167.24010096832677,73.15059782166158,84.5060592178627,9.583443928802495
2020-03-01,SO2,High_Mountains,22.00906450859745,72.55874545985445,-56.42266595918698,5.872985007929984
2020-04-01,SO2,High_Mountains,26.11549952133763,72.26613947610412,-57.826197655710914,11.675557700944424
2020-05-01,SO2,High_Mountains,-1.5650885651309452,72.25203884367538,-72.07613843318265,-1.7409889756236794
2020-06-01,SO2,High_Mountains,-10.90629665097101,72.23111246170696,-80.0803063797169,-3.05710273296107
2020-07-01,SO2,High_Mountains,-18.409510806603528,71.9544269345286,-80.55037109573031,-9.813566645401814
2020-08-01,SO2,High_Mountains,-6.662144608548929,71.3934901984519,-72.33391961069414,-5.72171519630669
2020-09-01,SO2,High_Mountains,-5.884185422595307,70.54885061260414,-74.24106506728914,-2.191970967910308
2020-10-01,SO2,High_Mountains,50.27436322729124,69.59043876332771,-24.617567761835414,5.301492225798938
2020-11-01,SO2,High_Mountains,144.14151165077206,68.74943442720782,146.9017501056502,-71.50967288208595
2020-12-01,SO2,High_Mountains,249.7391254328115,68.07760788749376,154.53518185835918,27.12633568695857
2021-01-01,SO2,High_Mountains,172.57447989570585,67.51406214020243,101.97044688493692,3.0899708705665034
2021-02-01,SO2,High_Mountains,109.43496170009576,66.98510897320658,67.5521866164143,-25.102333889525127
2021-03-01,SO2,High_Mountains,-86.04660370394988,66.29481879006107,-47.29038426003214,-105.05103823397882
2021-04-01,SO2,High_Mountains,30.343192665034024,65.31335343806603,-49.19999583873056,14.229835065698552
2021-05-01,SO2,High_Mountains,-15.08779328971776,63.94926929924925,-59.57090268385557,-19.46615990511144
2021-06-01,SO2,High_Mountains,5.364161429972796,62.228630363941896,-63.56928174057119,6.704812806602099
2021-07-01,SO2,High_Mountains,5.1907024086016325,60.192086924560535,-64.03333810985067,9.031953593891778
2021-08-01,SO2,High_Mountains,1.4403546997983974,57.771701750477824,-59.06299058920117,2.7316435385217446
2021-09-01,SO2,High_Mountains,-7.017999289239631,55.21116403115388,-59.13681772335493,-3.0923455970385803
2021-10-01,SO2,High_Mountains,45.755829228780485,53.0362975647666,-15.31609561215994,8.035627276173827
2021-11-01,SO2,High_Mountains,166.03022757797825,51.35252635826735,118.92227807458997,-4.244576854879064
2021-12-01,SO2,High_Mountains,330.43479070056964,49.91929116204345,121.5418989411445,158.97360059738168
2022-01-01,SO2,High_Mountains,373.7783422781232,48.53932426182795,79.02273966110805,246.2162783551872
2022-02-01,SO2,High_Mountains,252.0985582325211,47.14363768843428,50.16072468325032,154.7941958608365
2022-03-01,SO2,High_Mountains,-15.54925717322619,45.660096267298485,-38.14179108554979,-23.067562354974882
2022-04-01,SO2,High_Mountains,-7.628700264048731,44.200881502784895,-40.42598856076707,-11.40359320606656
2022-05-01,SO2,High_Mountains,-3.841822447865389,42.972641973325636,-46.98378332352927,0.1693189023382473
2022-06-01,SO2,High_Mountains,6.166655813313512,42.29900489934183,-46.924897617481115,10.792548531452795
2022-07-01,SO2,High_Mountains,2.6250436189663584,42.45225370505226,-47.44224273725308,7.6150326511671835
2022-08-01,SO2,High_Mountains,-1.4956999940160307,42.88404682312923,-45.78101290259622,1.4012660854509562
2022-09-01,SO2,High_Mountains,-10.565197247046832,42.78321680110326,-44.35982146842409,-8.988592579726003
2022-10-01,SO2,High_Mountains,38.43503249648306,42.010573419613614,-6.507361945052914,2.93182102192236
2022-11-01,SO2,High_Mountains,141.9089214239891,40.75187503461594,90.97152235205617,10.185524037317002
2022-12-01,SO2,High_Mountains,186.99104262289984,39.2730572629347,88.89137833745227,58.826607022512874
2023-01-01,SO2,High_Mountains,240.3323678741121,37.72096100375081,57.258539455857964,145.35286741450332
2023-02-01,SO2,High_Mountains,83.24146392855512,36.15894031535967,32.546883085076566,14.535640528118883
2023-03-01,SO2,High_Mountains,4.4401212874979,34.64013407562039,-29.605331565199982,-0.5946812229225031
2023-04-01,SO2,High_Mountains,-3.756764300125368,33.13309322844084,-32.412233101440535,-4.477624427125676
2023-05-01,SO2,High_Mountains,-4.062453058904849,31.48988451284395,-33.28043919833334,-2.2718983734154605
2023-06-01,SO2,High_Mountains,-12.819919306380315,29.688048524565758,-29.836498435429448,-12.671469395516624
2023-07-01,SO2,High_Mountains,-16.025457589308918,28.170564141271893,-30.563548930052765,-13.632472800528046
2023-08-01,SO2,High_Mountains,0.5241029108049519,27.078846241408485,-31.956092473805764,5.401349143202232
2023-09-01,SO2,High_Mountains,8.963557033498102,25.78770168232036,-30.375422180876722,13.551277532054463
2023-10-01,SO2,High_Mountains,23.06662211844387,24.107506835723026,0.36962900718467195,-1.4105137244638257
2023-11-01,SO2,High_Mountains,155.5952119324356,22.262778280922095,63.7622036455657,69.5702300059478
2023-12-01,SO2,High_Mountains,312.19079359741687,20.478494112210278,55.37316860794931,236.33913087725728
2024-01-01,SO2,High_Mountains,281.1840209233924,18.93727188863688,36.0849190501808,226.1618299845747
2024-02-01,SO2,High_Mountains,162.37578664075133,17.551893312516007,15.467634091007815,129.3562592372275
2024-03-01,SO2,High_Mountains,5.327049556906125,16.03235933764078,-21.27462209147935,10.569312310744696
2024-04-01,SO2,High_Mountains,-8.83523621311498,14.144941422740041,-25.16879972899446,2.1886220931394416
2024-05-01,SO2,High_Mountains,-12.835042383892764,11.909258561441371,-18.413612722872166,-6.330688222461969
2024-06-01,SO2,High_Mountains,-10.968633498097065,9.601490820371021,-12.712508421090641,-7.857615897377444
2024-07-01,SO2,High_Mountains,-7.212138195193928,7.440148527203921,-13.78446430975719,-0.8678224126406588
2024-08-01,SO2,High_Mountains,-29.82863085884239,5.745607532597798,-17.814188119514856,-17.760050271925333
2024-09-01,SO2,High_Mountains,5.415781232601076,4.737639553198468,-16.258738216489984,16.936879895892595
2024-10-01,SO2,High_Mountains,48.34478391295571,4.296145988868915,6.925013971771383,37.12362395231541
2024-11-01,SO2,High_Mountains,21.48339319403041,4.1733270155490665,36.70760481456761,-19.397538636086267
2024-12-01,SO2,High_Mountains,17.597007167609167,4.15868872019946,21.492146219620544,-8.053827772210838
2025-01-01,SO2,High_Mountains,-1.1435940095045476,4.123820600429587,14.61940300383928,-19.886817613773417
2025-02-01,SO2,High_Mountains,-4.4930823592885165,3.9446502708982285,-1.6076502207725898,-6.830082409414155
2025-03-01,SO2,High_Mountains,11.588385133415466,3.6421196500146023,-12.609806468847777,20.55607195224864
2025-04-01,SO2,High_Mountains,-5.120022930395788,3.3653415986584347,-17.870580056401575,9.385215527347352
2025-05-01,SO2,High_Mountains,12.472502453677116,3.2800998757948627,-3.253174393995663,12.445576971877918
2025-06-01,SO2,High_Mountains,8.655893443678503,3.3931650638563546,4.331756783817168,0.93097159600498
2025-07-01,SO2,High_Mountains,9.344753345115617,3.524951427863063,2.9692622704657596,2.8505396467867943
2025-08-01,SO2,High_Mountains,1.8503803251177289,3.3355598164666667,-3.749568987063467,2.2643894957145294
2025-09-01,SO2,High_Mountains,-17.949313154421827,2.604787384355225,-2.0573270041714617,-18.496773534605587
2025-10-01,SO2,High_Mountains,0.7994224100386076,1.4346779212275944,13.23615954007176,-13.871415051260747
2025-11-01,SO2,High_Mountains,19.450026616828644,0.2990776311355278,9.551027767974006,9.59992121771911
2025-12-01,SO2,High_Mountains,-8.249184223123676,-0.6003464891120235,-12.588298094450897,4.939460360439245
2026-01-01,SO2,High_Mountains,5.4419823066323065,-1.4116471721090038,-6.873950356398647,13.727579835139956
2026-02-01,SO2,High_Mountains,-19.74907767413868,-2.181253404169588,-18.84134488310697,1.2735206131378791
2026-03-01,SO2,High_Mountains,-26.60127306806374,-2.9365691812974326,-3.7899742362967626,-19.874729650469543
2026-04-01,SO2,High_Mountains,-19.98966538239632,-3.691435164796741,-10.450916906813186,-5.847313310786395
2026-05-01,SO2,High_Mountains,4.427708886485783,-4.444026455972751,12.217813742382043,-3.346078399923509
2026-06-01,SO2,High_Mountains,22.373667234119768,-5.186154473562266,21.516100649763008,6.043721057919027
2026-07-01,SO2,High_Mountains,14.69930928639192,-5.9089358500181834,19.80920806188981,0.7990370745202942
2026-08-01,SO2,High_Mountains,8.201577333726268,-6.608076023044278,10.387490223540018,4.422163133230528
2019-01-01,SO2,Middle_Mountains,145.90401399900028,107.52453577941105,240.39694334036056,-202.01746512077133
2019-02-01,SO2,Middle_Mountains,46.35391348445277,106.26315149893811,66.71053039069926,-126.6197684051846
2019-03-01,SO2,Middle_Mountains,44.33151660164696,105.01963697622149,-67.52493227510234,6.83681190052782
2019-04-01,SO2,Middle_Mountains,13.161581476437744,103.79350355891695,-81.97508313633112,-8.656838946148085
2019-05-01,SO2,Middle_Mountains,4.988229954795556,102.57792438676987,-101.91756056221234,4.327866130238036
2019-06-01,SO2,Middle_Mountains,-27.98270210874558,101.37108212262044,-124.3897622659201,-4.964021965445923
2019-07-01,SO2,Middle_Mountains,-30.195115034985506,100.16978051694284,-136.18453503603553,5.819639484107185
2019-08-01,SO2,Middle_Mountains,-12.962960089822742,98.9731462493848,-110.39528463408938,-1.5408217051181623
2019-09-01,SO2,Middle_Mountains,-4.467768894249244,97.77606405598449,-102.0010985990799,-0.24273435115384245
2019-10-01,SO2,Middle_Mountains,8.326083009084801,96.57205154587358,-80.25693042821464,-7.989038108574135
2019-11-01,SO2,Middle_Mountains,58.11616811085453,95.36178458968573,142.49246737175682,-179.738083850588
2019-12-01,SO2,Middle_Mountains,343.57820589340014,94.07474523563789,348.4374528638884,-98.93399220612613
2020-01-01,SO2,Middle_Mountains,306.20610531563227,92.84091434544754,202.76323029014588,10.601960680038843
2020-02-01,SO2,Middle_Mountains,145.4484207485211,91.68787732316282,56.08601459870318,-2.3254711733448943
2020-03-01,SO2,Middle_Mountains,29.304391124778377,90.61524869626032,-61.41064720639914,0.09978963491718673
2020-04-01,SO2,Middle_Mountains,23.32853233429706,89.59528704044374,-72.40317692477448,6.136422218627814
2020-05-01,SO2,Middle_Mountains,-3.046848204094161,88.56557550427789,-85.19051922236157,-6.421904486010476
2020-06-01,SO2,Middle_Mountains,-21.64829946196204,87.38500704191507,-102.65531073722417,-6.377995766652944
2020-07-01,SO2,Middle_Mountains,-27.75283112335242,86.05296571296351,-116.25361382785923,2.4478169915432915
2020-08-01,SO2,Middle_Mountains,-11.241966032992895,84.79048920814412,-93.69137017324759,-2.3410850678894235
2020-09-01,SO2,Middle_Mountains,-1.836199601893432,83.77389833363459,-86.37712121850424,0.7670232829762256
2020-10-01,SO2,Middle_Mountains,27.295467224598827,83.06402344984858,-66.726780922786,10.958224697536252
2020-11-01,SO2,Middle_Mountains,195.36688066322924,82.54777899846921,122.02086744996959,-9.20176578520956
2020-12-01,SO2,Middle_Mountains,381.19934674032095,82.19132380322137,296.7394254256044,2.2685975114951873
2021-01-01,SO2,Middle_Mountains,234.9457117262181,81.9446785562001,166.0241891099406,-13.023155939922617
2021-02-01,SO2,Middle_Mountains,123.8871792261818,81.68805039886901,44.99229967915265,-2.793170851839861
2021-03-01,SO2,Middle_Mountains,-73.32413886834118,81.421779809393,-54.946685850469876,-99.7992328272643
2021-04-01,SO2,Middle_Mountains,34.97079940256958,81.15409681290588,-62.77315118877077,16.589853778434474
2021-05-01,SO2,Middle_Mountains,1.665305841659386,80.9540407166952,-68.71769026538661,-10.571044609649206
2021-06-01,SO2,Middle_Mountains,11.704360776671283,80.7966002933432,-81.18587620867612,12.093636692004196
2021-07-01,SO2,Middle_Mountains,-38.827085176607895,80.45953881161935,-96.00762133689001,-23.279002651337237
2021-08-01,SO2,Middle_Mountains,18.81690552472393,79.64556686721785,-76.93337802722753,16.104716684733617
2021-09-01,SO2,Middle_Mountains,11.175128984620592,78.42518696647329,-70.74322911248221,3.49317113062952
2021-10-01,SO2,Middle_Mountains,17.11246703443062,77.24806682147843,-53.34303196191512,-6.792567825132693
2021-11-01,SO2,Middle_Mountains,204.2439969245408,76.40268805200547,101.15083684320172,26.690472029333606
2021-12-01,SO2,Middle_Mountains,317.2624324843854,75.66547421632494,245.13756919294443,-3.5406109248839783
2022-01-01,SO2,Middle_Mountains,352.35094170287704,74.7781922113397,129.83434754741896,147.73840194411838
2022-02-01,SO2,Middle_Mountains,172.10856172135885,73.7579136673052,33.34780963608942,65.00283841796421
2022-03-01,SO2,Middle_Mountains,7.811936020514053,72.55855600617394,-48.37965699298176,-16.366962992678133
2022-04-01,SO2,Middle_Mountains,-7.270423164439668,71.23113980260632,-52.95192628775105,-25.54963667929494
2022-05-01,SO2,Middle_Mountains,45.28034327258815,69.83891548843287,-52.557216896279456,27.998644680434737
2022-06-01,SO2,Middle_Mountains,23.914479248675036,68.6841164672014,-59.750189541234455,14.980552322708078
2022-07-01,SO2,Middle_Mountains,2.325847151917708,67.83983294936677,-75.56469324649505,10.050707449046001
2022-08-01,SO2,Middle_Mountains,-2.7063541212746918,67.25553807293075,-60.07739787868559,-9.884494315519852
2022-09-01,SO2,Middle_Mountains,-1.2986326898603144,66.76293785252807,-55.22113466011789,-12.84043588227049
2022-10-01,SO2,Middle_Mountains,33.647178457073394,66.00932458783173,-40.23679814490765,7.874652014149319
2022-11-01,SO2,Middle_Mountains,142.85761144650252,64.84290123442148,80.1177643237364,-2.1030541116553536
2022-12-01,SO2,Middle_Mountains,257.52970331697725,63.26392888483435,193.5027433359822,0.7630310961607094
2023-01-01,SO2,Middle_Mountains,303.00111090998683,61.4150730915344,95.54963748195198,146.03640033650046
2023-02-01,SO2,Middle_Mountains,95.41785269665392,59.548530008277055,20.44198342484969,15.427339263527188
2023-03-01,SO2,Middle_Mountains,6.214045369185605,57.85685489920626,-41.487117899884,-10.155691630136658
2023-04-01,SO2,Middle_Mountains,18.43410524595516,56.25005689698258,-43.2769315296532,5.460979878625778
2023-05-01,SO2,Middle_Mountains,29.70457295931472,54.511000445223374,-36.61680550044239,11.81037801453374
2023-06-01,SO2,Middle_Mountains,7.069888275361877,52.525013528592574,-38.79203700606909,-6.66308824716161
2023-07-01,SO2,Middle_Mountains,-11.816129312438258,50.4935612139523,-53.594966757032125,-8.714723769358429
2023-08-01,SO2,Middle_Mountains,1.1854690679390476,48.34945791724468,-43.256886435122865,-3.9071024141827664
2023-09-01,SO2,Middle_Mountains,12.996794120077142,45.76151772798559,-40.07805059169141,7.313326983782957
2023-10-01,SO2,Middle_Mountains,15.498329702257916,42.73590176392014,-28.07452927947846,0.8369572178162343
2023-11-01,SO2,Middle_Mountains,152.86804167647213,39.52666435063361,58.487601726016045,54.853775599822484
2023-12-01,SO2,Middle_Mountains,348.6994128848941,36.5192897244863,142.02224626939963,170.1578768910082
2024-01-01,SO2,Middle_Mountains,406.4466993261449,33.898149079179326,62.15383568183822,310.3947145651273
2024-02-01,SO2,Middle_Mountains,228.44115308045215,31.685236450388032,6.843142075120455,189.91277455494367
2024-03-01,SO2,Middle_Mountains,16.27267852554355,29.636978401717357,-33.685575394477546,20.321275518303736
2024-04-01,SO2,Middle_Mountains,-16.29774602256436,27.393075409725736,-33.77229428269842,-9.918527149591679
2024-05-01,SO2,Middle_Mountains,-3.784829596340502,24.883468559088822,-20.882297947400108,-7.786000208029215
2024-06-01,SO2,Middle_Mountains,-3.573888696591364,22.695078098270724,-18.78533747192941,-7.4836293229326785
2024-07-01,SO2,Middle_Mountains,-28.35388793538066,21.577238658177766,-30.272477667989108,-19.658648925569317
2024-08-01,SO2,Middle_Mountains,-2.332631103127268,21.25202990550043,-26.53181019405105,2.9471491854233527
2024-09-01,SO2,Middle_Mountains,3.234282316786248,21.237742947197788,-24.884651862793074,6.881191232381536
2024-10-01,SO2,Middle_Mountains,10.01776583955698,21.416570216340304,-16.074935581209473,4.676131204426149
2024-11-01,SO2,Middle_Mountains,12.771298916764804,21.731385587298288,36.66669757020161,-45.62678424073509
2024-12-01,SO2,Middle_Mountains,45.65779824892086,22.126948732686174,90.5842108382266,-67.0533613219919
2025-01-01,SO2,Middle_Mountains,17.68749141457952,22.526565108415596,28.604614950167647,-33.44368864400373
2025-02-01,SO2,Middle_Mountains,19.223282884579632,22.71936319575586,-6.884231685002723,3.3881513738264957
2025-03-01,SO2,Middle_Mountains,-0.0855376005464695,22.601969414112162,-25.36758639170673,2.6800793770480986
2025-04-01,SO2,Middle_Mountains,0.6966985923943602,22.134234800432957,-24.260947537115378,2.82341132907678
2025-05-01,SO2,Middle_Mountains,17.37668244129463,21.348887098242127,-5.37247133255059,1.400266675603092
2025-06-01,SO2,Middle_Mountains,30.242280357289808,20.348804468064294,0.9593048978976282,8.934170991327886
2025-07-01,SO2,Middle_Mountains,16.27689623446294,19.161181361173014,-6.760149200942087,3.8758640742320125
2025-08-01,SO2,Middle_Mountains,9.153905695343594,17.821056696342193,-9.717555590657744,1.050404589659145
2025-09-01,SO2,Middle_Mountains,0.6072484084287604,16.373697121782488,-9.620464546432123,-6.145984166921604
2025-10-01,SO2,Middle_Mountains,3.8666264834971584,14.822020317071734,-4.229346469262712,-6.726047364311864
2025-11-01,SO2,Middle_Mountains,27.26128675699385,13.366346964368143,14.687940726386268,-0.7930009337605597
2025-12-01,SO2,Middle_Mountains,51.471962361462126,12.011523748012285,39.19488077789682,0.2655578355530199
2026-01-01,SO2,Middle_Mountains,14.217500828025848,10.68169435875107,-4.8232890773687345,8.359095546643513
2026-02-01,SO2,Middle_Mountains,-19.657566603219998,9.367480049960092,-20.940627330644574,-8.084419322535515
2026-03-01,SO2,Middle_Mountains,-12.258153300130642,8.0646383644865,-16.710642777828408,-3.6121488867887344
2026-04-01,SO2,Middle_Mountains,-4.72102935596264,6.775132410053026,-14.607888462210678,3.111726696195011
2026-05-01,SO2,Middle_Mountains,12.551588527943087,5.502701297387053,9.87065410002924,-2.8217668694732057
2026-06-01,SO2,Middle_Mountains,21.49814813213277,4.249212857316225,20.60467752999457,-3.3557422551780274
2026-07-01,SO2,Middle_Mountains,28.87187516299457,3.017763313880269,17.157437739471575,8.696674109642725
2026-08-01,SO2,Middle_Mountains,9.13000619121067,1.8117825739308842,7.1955052571708835,0.12271836010890258
2019-01-01,SO2,Siwalik,129.4982539617328,94.92102100259686,168.35077517994054,-133.77354222080461
2019-02-01,SO2,Siwalik,76.0337252267258,93.71778018580456,-16.0994592777683,-1.5845956813104465
2019-03-01,SO2,Siwalik,70.97066723988505,92.5273777403572,-33.09391005203908,11.537199551566928
2019-04-01,SO2,Siwalik,26.61515368790573,91.35212326896105,-55.65703822850624,-9.079931352549082
2019-05-01,SO2,Siwalik,0.1502156245573387,90.18692639838793,-82.94800281961591,-7.088707954214684
2019-06-01,SO2,Siwalik,-26.99618833272189,89.03231505902285,-120.27953532387757,4.2510319321328325
2019-07-01,SO2,Siwalik,-53.60738924315072,87.896862250716,-149.332927834725,7.828676340858294
2019-08-01,SO2,Siwalik,-23.4544823291455,86.78842631786529,-116.9747616248017,6.731852977790908
2019-09-01,SO2,Siwalik,-11.06156453105934,85.70526472209096,-79.71342430732318,-17.05340494582711
2019-10-01,SO2,Siwalik,-4.262783849604216,84.630678700078,-87.22360726456806,-1.6698552851141528
2019-11-01,SO2,Siwalik,24.68919266300079,83.55923832441323,135.19852816952465,-194.06857383093708
2019-12-01,SO2,Siwalik,367.233597284876,82.53096003075078,405.8634489007461,-121.16081164662089
2020-01-01,SO2,Siwalik,250.54283448969608,81.57923579338876,169.09133834307673,-0.12773964676941318
2020-02-01,SO2,Siwalik,63.349500325632384,80.71349757547615,-16.582828919683706,-0.7811683301600709
2020-03-01,SO2,Siwalik,42.34743530192773,79.98257623928956,-32.449020174408865,-5.186120762952953
2020-04-01,SO2,Siwalik,40.710159882349096,79.47609649572941,-51.29291563915058,12.526979025770274
2020-05-01,SO2,Siwalik,9.576211015370507,79.15446096433317,-70.56334569427112,0.9850957453084561
2020-06-01,SO2,Siwalik,-37.73608197621955,78.74707881918866,-105.77678895517667,-10.70637184023154
2020-07-01,SO2,Siwalik,-51.63284239599977,78.07878855252468,-129.11467841100497,-0.5969525375194848
2020-08-01,SO2,Siwalik,-36.67693523793681,77.24073397296473,-105.68932258105723,-8.22834662984431
2020-09-01,SO2,Siwalik,24.15657563015697,76.3865891661095,-71.263732526282,19.03371899032946
2020-10-01,SO2,Siwalik,9.188217317729077,75.70539442175085,-79.7256125678766,13.208435463854826
2020-11-01,SO2,Siwalik,190.73164068741755,75.10655967918353,116.71217708788548,-1.0870960796514595
2020-12-01,SO2,Siwalik,389.04070055320113,74.65622969491639,344.18446875092377,-29.799997892639027
2021-01-01,SO2,Siwalik,182.49771471713532,74.39571183281507,169.9202920528829,-61.81828916856264
2021-02-01,SO2,Siwalik,56.02522313628578,74.19054134753146,-17.283438461432645,-0.881879749813038
2021-03-01,SO2,Siwalik,-1.0608593249584928,73.8866662320238,-31.336131771611374,-43.61139378537092
2021-04-01,SO2,Siwalik,86.45376606280395,73.44151087897069,-46.82024443003534,59.832499613868606
2021-05-01,SO2,Siwalik,12.48530017100286,72.97532082456742,-58.429275948497995,-2.0607447050665684
2021-06-01,SO2,Siwalik,-11.635483834876617,72.74015757297616,-91.12192740053997,6.746285992687206
2021-07-01,SO2,Siwalik,-57.75631160226171,72.98506382135207,-108.54424521017124,-22.19713021344254
2021-08-01,SO2,Siwalik,-12.5360753579575,73.5048190983048,-94.0202035574841,7.979309101221801
2021-09-01,SO2,Siwalik,21.33909019277886,73.98969309859251,-62.664256263561185,10.013653357747529
2021-10-01,SO2,Siwalik,-6.613386736686269,74.45687422792027,-71.84002864381586,-9.230232320790677
2021-11-01,SO2,Siwalik,169.66885724814455,75.02249813962169,97.83255265228726,-3.1861935437644036
2021-12-01,SO2,Siwalik,365.962959721142,75.59221552325636,281.34189110428855,9.028853093597093
2022-01-01,SO2,Siwalik,324.64005531921566,75.98979093212166,170.858742366497,77.79152202059699
2022-02-01,SO2,Siwalik,57.30677250905133,76.16062971891824,-18.302819139802672,-0.5510380700642372
2022-03-01,SO2,Siwalik,38.19419304682217,76.15511346707638,-29.957068229547307,-8.003852190706894
2022-04-01,SO2,Siwalik,28.346640162610043,76.04927487946911,-42.20824232247504,-5.494392394384036
2022-05-01,SO2,Siwalik,53.83521457260397,75.92291939470014,-46.38447049769236,24.296765675596177
2022-06-01,SO2,Siwalik,7.038910939241212,75.92006679020506,-76.14774988349068,7.266594032526825
2022-07-01,SO2,Siwalik,-7.422365870197382,75.90423740491262,-87.83681522123584,4.510211946125835
2022-08-01,SO2,Siwalik,-9.564934063170488,75.76108707363784,-81.85786946139334,-3.468151675414987
2022-09-01,SO2,Siwalik,10.055185540576028,75.52003590723717,-53.8502986974326,-11.614551669228547
2022-10-01,SO2,Siwalik,6.426386424342729,75.11842525609671,-63.66502375256916,-5.027015079184821
2022-11-01,SO2,Siwalik,99.65560744511905,74.4786882197931,78.45076356100968,-53.273844335683734
2022-12-01,SO2,Siwalik,302.428901899499,73.55048692480928,217.8297894130692,11.04862556162054
2023-01-01,SO2,Siwalik,244.6169501352045,72.4689883166363,171.92287015270654,0.22509166586165463
2023-02-01,SO2,Siwalik,63.527517048861725,71.47733838255786,-20.856793444315247,12.906972110619108
2023-03-01,SO2,Siwalik,29.2033096807186,70.77447681044212,-27.326986207841056,-14.244180921882467
2023-04-01,SO2,Siwalik,36.63546712123349,70.24627226308615,-38.10097251948777,4.490167377635103
2023-05-01,SO2,Siwalik,44.67738811098376,69.69962546564628,-34.71898279546558,9.696745440803056
2023-06-01,SO2,Siwalik,-5.219996667831768,69.05880989490109,-60.378929257766565,-13.899877304966289
2023-07-01,SO2,Siwalik,-48.98814890197512,68.50219330710198,-66.45257444438376,-51.03776776469334
2023-08-01,SO2,Siwalik,-12.76136936149712,67.87225591123224,-68.35857078410235,-12.275054488627006
2023-09-01,SO2,Siwalik,23.61626139658317,66.54457682494687,-45.8253835205581,2.8970680921944023
2023-10-01,SO2,Siwalik,10.302201059223457,64.59923754784586,-54.64959212987538,0.35255564125297667
2023-11-01,SO2,Siwalik,149.35623009652437,62.50110697736633,57.989585313385746,28.8655378057723
2023-12-01,SO2,Siwalik,418.4684329617936,60.33539398270565,152.7535775935575,205.37946138553045
2024-01-01,SO2,Siwalik,402.4681073638205,58.12705155161295,173.08449502082894,171.2565607913786
2024-02-01,SO2,Siwalik,156.66769709962935,55.97926910108222,-24.350932773060247,125.03936077160736
2024-03-01,SO2,Siwalik,50.0321524047782,53.79769635420568,-23.001006281285814,19.235462331858336
2024-04-01,SO2,Siwalik,20.38430568764685,51.35877943604325,-34.545393094101186,3.5709193457047874
2024-05-01,SO2,Siwalik,10.440226958486829,48.615371578306956,-23.71188887279884,-14.463255747021286
2024-06-01,SO2,Siwalik,-5.464705221491959,45.559879362241915,-44.35518340649229,-6.669401177241589
2024-07-01,SO2,Siwalik,-55.32951295489472,42.99090182126729,-44.427221295666094,-53.89319348049592
2024-08-01,SO2,Siwalik,-21.43794985709056,41.50858549362385,-54.01021864627629,-8.936316704438113
2024-09-01,SO2,Siwalik,0.8396894712411276,40.65857854284548,-38.04258673607367,-1.77630233553068
2024-10-01,SO2,Siwalik,-11.056711260035012,40.04891389613206,-45.49215104699838,-5.613474109168692
2024-11-01,SO2,Siwalik,8.796351965789679,39.590130859867,37.67986362418657,-68.47364251826389
2024-12-01,SO2,Siwalik,62.09480192591618,39.397040181102845,87.19572996828967,-64.49796822347633
2025-01-01,SO2,Siwalik,3.801149998598909,39.63613332036956,174.1906404558435,-210.02562377761416
2025-02-01,SO2,Siwalik,23.334955709957224,40.21646843739066,-27.87707885440415,10.995566126970715
2025-03-01,SO2,Siwalik,13.944286686044157,40.85539358607263,-18.18169549459384,-8.729411405434632
2025-04-01,SO2,Siwalik,8.180363383006437,41.412289073402164,-31.074207994721313,-2.157717695674414
2025-05-01,SO2,Siwalik,27.75536420950164,41.76443486173712,-13.107113039489633,-0.9019576127458535
2025-06-01,SO2,Siwalik,21.063552844285184,41.64375687432844,-28.34180756142873,7.761603531385475
2025-07-01,SO2,Siwalik,20.08949986989552,40.91892394712813,-22.28013945372709,1.450715376494479
2025-08-01,SO2,Siwalik,9.027234551331729,39.84367283734369,-39.47766357766696,8.661225291655
2025-09-01,SO2,Siwalik,9.829363105706628,38.765260778874804,-30.342043416236493,1.4061457430683149
2025-10-01,SO2,Siwalik,9.716532340324626,37.78346916108367,-36.10695037570676,8.040013554947713
2025-11-01,SO2,Siwalik,47.49419699524832,36.812182419176864,17.237619499318125,-6.5556049232466655
2025-12-01,SO2,Siwalik,52.86446688147376,35.848568297029274,21.173889268142815,-4.15799068369833
2026-01-01,SO2,Siwalik,-5.616231267640412,34.840359249830925,175.31151603165156,-215.7681065491229
2026-02-01,SO2,Siwalik,-14.5569899688081,33.7986522139998,-31.62065636027062,-16.734985822537283
2026-03-01,SO2,Siwalik,25.46966263786196,32.73885273379152,-12.962112600533157,5.692922504603601
2026-04-01,SO2,Siwalik,3.030344676912756,31.678559463878212,-27.680229543092633,-0.9679852438728247
2026-05-01,SO2,Siwalik,29.426042232162043,30.628419265761444,-2.7569332759919742,1.5545562423925716
2026-06-01,SO2,Siwalik,18.59829193119832,29.595593909853704,-12.124921122356117,1.1276191437007341
2026-07-01,SO2,Siwalik,27.634759721592875,28.584185279131145,-0.041949508648491105,-0.9074760488897802
2026-08-01,SO2,Siwalik,6.796352444618178,27.596162401094915,-24.538968131216528,3.739158174739792
2019-01-01,SO2,Terai,92.53914153849884,83.95175947364046,17.724205564133115,-9.13682349927474
2019-02-01,SO2,Terai,117.6141405862936,80.7980940227544,20.033707663163728,16.78233890037548
2019-03-01,SO2,Terai,127.49414200943772,77.66358521402526,43.589572512585235,6.2409842828272275
2019-04-01,SO2,Terai,54.38111589521455,74.54915239567798,3.8193516472548645,-23.987388147718292
2019-05-01,SO2,Terai,39.914592844221225,71.4504661499421,-28.831327674788202,-2.704545630932671
2019-06-01,SO2,Terai,-4.178707882743477,68.3737708236189,-85.38614035027382,12.83366164391144
2019-07-01,SO2,Terai,-69.96722605862875,65.33058191210922,-133.6976751515483,-1.6001328191896675
2019-08-01,SO2,Terai,-34.14499922354406,62.32589056729531,-108.0613434290145,11.590453638175127
2019-09-01,SO2,Terai,-13.519715545734584,59.35704567102321,-56.47301777272521,-16.403743444032585
2019-10-01,SO2,Terai,4.004157043550756,56.39840788540809,-50.76316984445979,-1.6310809973975466
2019-11-01,SO2,Terai,-24.334561610579467,53.46993088227473,95.82614366480487,-173.63063615765907
2019-12-01,SO2,Terai,196.3883394475668,51.42068785786524,266.71623428631,-121.74858269660842
2020-01-01,SO2,Terai,64.52924732224643,49.710630458826515,14.199973320241455,0.6186435431784645
2020-02-01,SO2,Terai,36.74256739730989,48.24190221126019,16.08197486764633,-27.58130968159663
2020-03-01,SO2,Terai,77.61907861571662,47.10957312872889,40.40849140362736,-9.898985916639631
2020-04-01,SO2,Terai,61.32437403930272,46.446381277626614,7.067411213342144,7.810581548333957
2020-05-01,SO2,Terai,26.28086285601401,46.35605598377473,-22.168796277474208,2.0936031497134877
2020-06-01,SO2,Terai,-57.16494649650651,46.7511314140562,-74.50008174515172,-29.415996165410995
2020-07-01,SO2,Terai,-60.48372620723719,47.23900199740065,-114.05280229899809,6.330074094360249
2020-08-01,SO2,Terai,-52.13261936911655,47.61663405415357,-97.90284992906366,-1.8464034942064558
2020-09-01,SO2,Terai,13.294751685445306,47.67513491529012,-49.02171933185467,14.641336102009852
2020-10-01,SO2,Terai,10.55844363979422,47.35618611354579,-46.988183108763955,10.190440635012386
2020-11-01,SO2,Terai,144.2596496283666,46.653762793019396,83.02705040482618,14.578836430521008
2020-12-01,SO2,Terai,265.7303053012658,45.65734279750147,228.9365223338505,-8.863559830086174
2021-01-01,SO2,Terai,59.78086160573875,44.59566911111646,10.069061373331046,5.116131121291247
2021-02-01,SO2,Terai,57.46663711127213,43.537494006101205,12.211834035180502,1.7173090699904208
2021-03-01,SO2,Terai,71.9626239256618,42.31012286232934,37.158354504735065,-7.5058534414026
2021-04-01,SO2,Terai,147.23585261284026,40.84198374811722,9.614727082445492,96.77914178227755
2021-05-01,SO2,Terai,12.473877092330772,39.286069873373485,-15.680578583524232,-11.13161419751848
2021-06-01,SO2,Terai,-27.156188306348604,37.90462978727953,-63.57512947183384,-1.4856886217942957
2021-07-01,SO2,Terai,-61.13157563509024,37.242446270536114,-94.15511181630421,-4.218910089322144
2021-08-01,SO2,Terai,-54.20674844664676,37.711030974978236,-87.06467442887454,-4.85310499275046
2021-09-01,SO2,Terai,10.04004215477894,39.25900951363523,-41.50558713883198,12.286619779975688
2021-10-01,SO2,Terai,-2.5787020864331263,41.48318885929669,-42.79210270160167,-1.2697882441281436
2021-11-01,SO2,Terai,92.27798898978068,43.940636073209255,70.87318134412173,-22.535828427550307
2021-12-01,SO2,Terai,300.4038683890055,46.276329478102355,190.5563822224698,63.57115668843332
2022-01-01,SO2,Terai,130.71934750703497,48.243033552319474,5.496038186684709,76.98027576803078
2022-02-01,SO2,Terai,36.20489821224592,49.826794768544694,8.20393800921512,-21.825834565513894
2022-03-01,SO2,Terai,104.01980828701608,51.28080820626859,33.85281904939206,18.886181031355434
2022-04-01,SO2,Terai,81.52759778499048,52.885315411464056,11.746744252645524,16.895538120880893
2022-05-01,SO2,Terai,56.46072605966476,54.74943430130067,-9.355276524262695,11.06656828262679
2022-06-01,SO2,Terai,14.802114607970688,56.82700511315526,-52.52555373866286,10.500663233478285
2022-07-01,SO2,Terai,-20.745632471401148,58.75108730720734,-74.04555237540696,-5.451167403201538
2022-08-01,SO2,Terai,-22.036441276519465,60.074996345693705,-75.54404812575393,-6.567389496459242
2022-09-01,SO2,Terai,11.63354139623752,60.736837724156814,-33.761389416076874,-15.341906911842422
2022-10-01,SO2,Terai,6.505131994090875,60.81649090367967,-38.15821870096382,-16.153140208624976
2022-11-01,SO2,Terai,44.63031028141666,60.4420974187738,59.02946929225506,-74.8412564296122
2022-12-01,SO2,Terai,236.54958089165777,59.68935148847953,152.08412601134913,24.77610339182911
2023-01-01,SO2,Terai,96.64834573722476,58.87669889012819,-0.4768073971372755,38.24845424423385
2023-02-01,SO2,Terai,85.9959815319128,58.17709113987843,3.9561394241325143,23.86275096790186
2023-03-01,SO2,Terai,76.9413924772352,57.65929276161175,30.937404413874884,-11.655304698251442
2023-04-01,SO2,Terai,72.9436518678953,57.1075416360923,11.42470238066497,4.41140785113803
2023-05-01,SO2,Terai,61.36454569208542,55.95910869289289,-3.241393591141886,8.646830590334424
2023-06-01,SO2,Terai,3.6280351347130577,53.840570003667864,-40.35841855877942,-9.854116310175385
2023-07-01,SO2,Terai,-70.16437197422367,51.23684855415059,-53.82921232783375,-67.57200820054051
2023-08-01,SO2,Terai,-34.84005708874294,49.43051530405858,-61.98303175275749,-22.28754064004403
2023-09-01,SO2,Terai,28.28488368817717,48.6801859709974,-26.656761175693244,6.261458892873016
2023-10-01,SO2,Terai,9.3654655133394,47.99098121571161,-32.6354710355,-5.990044666872208
2023-11-01,SO2,Terai,93.6574730694821,46.9272043307992,48.33082880707646,-1.6005600683935626
2023-12-01,SO2,Terai,384.1297387725304,45.43798836903764,113.1236866530513,225.5680637504415
2024-01-01,SO2,Terai,270.71159471113344,43.64405281100448,-7.367737336327704,234.43527923645667
2024-02-01,SO2,Terai,115.77605555775712,41.94765683828316,-0.09829252767609648,73.92669124715005
2024-03-01,SO2,Terai,110.93697535809612,40.47238101005691,28.202187657971848,42.262406690067365
2024-04-01,SO2,Terai,77.3537999615233,39.04421064191824,8.136931901483367,30.172657418121688
2024-05-01,SO2,Terai,36.1064829846625,37.73607482059624,2.6733831585222907,-4.302974994456029
2024-06-01,SO2,Terai,6.22068778521288,36.32268948747788,-27.35379739421607,-2.7482043080489333
2024-07-01,SO2,Terai,-82.7380341084836,34.35045834033514,-33.467173947069966,-83.62131850174877
2024-08-01,SO2,Terai,-24.00452846712045,31.747555066393698,-46.81128894522135,-8.9407945882928
2024-09-01,SO2,Terai,0.0090153628153978,29.128535684938846,-19.729855066098114,-9.389665256025335
2024-10-01,SO2,Terai,1.840145116878423,26.892301398399148,-26.934341086317303,1.8821848047965801
2024-11-01,SO2,Terai,-5.199767198134277,25.17419656030767,37.98693840208404,-68.360902160526
2024-12-01,SO2,Terai,88.0944381720603,24.096287439224437,73.78537250777238,-9.787221774936523
2025-01-01,SO2,Terai,7.034906359059791,23.730276354987748,-14.441183836985044,-2.254186158942911
2025-02-01,SO2,Terai,32.113165271576804,24.038204671516972,-3.9387185941252874,12.013679194185123
2025-03-01,SO2,Terai,42.29896532486288,24.816076305831142,25.434858584171742,-7.951969565140008
2025-04-01,SO2,Terai,15.383044775561638,25.771005354457373,4.09119558705659,-14.479156165952325
2025-05-01,SO2,Terai,30.02240287223281,26.613580898000286,8.398829953910855,-4.990007979678332
2025-06-01,SO2,Terai,13.57796027739346,27.242742624258305,-14.278750230236284,0.613967883371437
2025-07-01,SO2,Terai,19.60802543808354,27.648685014455964,-12.933208959036055,4.892549382663631
2025-08-01,SO2,Terai,15.62368481450814,27.856533265803918,-31.17319983669676,18.94035138540098
2025-09-01,SO2,Terai,21.05876328804761,27.93121096968918,-12.859404174297767,5.986956492656201
2025-10-01,SO2,Terai,14.794338840104036,27.92324375440494,-20.82833192395838,7.69942700965748
2025-11-01,SO2,Terai,58.8116122278381,27.379822510927976,28.06166948930408,3.3701202276060407
2025-12-01,SO2,Terai,62.73649887895325,26.848297149078213,33.97370663494379,1.9144950949312474
2026-01-01,SO2,Terai,0.4440328296419362,26.269020724306916,-21.86644661756069,-3.9585412771042883
2026-02-01,SO2,Terai,3.944518197322621,25.621790208165795,-7.8030205141180975,-13.874251496725076
2026-03-01,SO2,Terai,49.96037084345152,24.91181742595613,22.62189959073411,2.4266538267612816
2026-04-01,SO2,Terai,18.617946444990416,24.155692254133857,-0.8228000557776538,-4.714945753365786
2026-05-01,SO2,Terai,39.31373406397873,23.368611745153054,13.959908540601466,1.9852137782242067
2026-06-01,SO2,Terai,24.99143749429653,22.565017802469068,-1.0379814617428131,3.4644011535702752
2026-07-01,SO2,Terai,27.47218500414696,21.755389201244977,7.781601535914024,-2.06480573301204
2026-08-01,SO2,Terai,8.436972853687505,20.945868920990936,-14.829819351390228,2.320923284086799
2019-01-01,CO,High_Himal,13.9576304099443,16.23205274414459,-2.148547355916135,-0.12587497828415195
2019-02-01,CO,High_Himal,14.2207724428342,16.31234480076559,-1.88876903605219,-0.2028033218792018
2019-03-01,CO,High_Himal,15.2730966011163,16.390924871782964,-1.0208982713490564,-0.09692999931760582
2019-04-01,CO,High_Himal,16.902188921921702,16.467899793673183,0.31167381613142026,0.12261531211709809
2019-05-01,CO,High_Himal,17.8131661387348,16.543513396166304,1.1462765060400406,0.12337623652845409
2019-06-01,CO,High_Himal,18.009661075670298,16.618003418874228,1.5629142939685816,-0.17125663717251172
2019-07-01,CO,High_Himal,20.0702247552336,16.691609745512157,2.787180190889815,0.5914348188316296
2019-08-01,CO,High_Himal,18.5591503637915,16.76471806604708,1.7630883138731719,0.031343983871245484
2019-09-01,CO,High_Himal,19.0090955408718,16.83755985119708,2.08950505262586,0.08203063704885949
2019-10-01,CO,High_Himal,16.4030679139374,16.909821640473442,-0.5994478094236998,0.09269408288765746
2019-11-01,CO,High_Himal,15.4162805671689,16.976326961463194,-1.6371442836160026,0.0770978893217098
2019-12-01,CO,High_Himal,14.4754041567729,17.019525242040682,-2.354148368689638,-0.18997271657814352
2020-01-01,CO,High_Himal,15.0099926783164,17.05471422973236,-2.135664512037877,0.09094296062191631
2020-02-01,CO,High_Himal,15.5325440932107,17.08681754829925,-1.8945434192139907,0.3402699641254401
2020-03-01,CO,High_Himal,15.984394934925602,17.119485084864426,-0.9266737261440467,-0.20841642379477676
2020-04-01,CO,High_Himal,17.4190204776839,17.157537910155536,0.2855369722350272,-0.0240544047066642
2020-05-01,CO,High_Himal,18.2035490451564,17.205132387097493,1.1080826914017903,-0.10966603334288294
2020-06-01,CO,High_Himal,18.958788377846098,17.261222937404142,1.56200920036867,0.13555624007328504
2020-07-01,CO,High_Himal,19.7955020802721,17.323411645422578,2.5759170314287863,-0.10382659657926396
2020-08-01,CO,High_Himal,18.4175352577879,17.387316120536823,1.9742534378560657,-0.94403430060499
2020-09-01,CO,High_Himal,19.4070412524942,17.44870950960978,2.0891008113072607,-0.1307690684228433
2020-10-01,CO,High_Himal,16.887158472383202,17.504462080926267,-0.7722069120013789,0.15490330345831538
2020-11-01,CO,High_Himal,15.6714289856048,17.551697994625663,-1.6717182496278602,-0.2085507593930025
2020-12-01,CO,High_Himal,15.7964926028885,17.591485610063337,-2.1843807520049494,0.3893877448301133
2021-01-01,CO,High_Himal,16.402207404137002,17.623193656628473,-2.1234287918970165,0.9024425394055449
2021-02-01,CO,High_Himal,15.8886505707309,17.639332396036277,-1.9002492790995864,0.14956745379420866
2021-03-01,CO,High_Himal,17.0320837799486,17.63130416432093,-0.8443460206588841,0.24512563628655215
2021-04-01,CO,High_Himal,18.0530002370734,17.5911869742307,0.265155488005404,0.1966577748372984
2021-05-01,CO,High_Himal,18.8659921916317,17.51198751352928,1.0784523268440638,0.2755523512583551
2021-06-01,CO,High_Himal,19.2960013239126,17.39602268908629,1.5642671708647928,0.3357114639615162
2021-07-01,CO,High_Himal,19.2279469177797,17.253057620197534,2.37698222527845,-0.4020929276962839
2021-08-01,CO,High_Himal,19.8239214988431,17.091953764217124,2.1689729009769017,0.5629948336490749
2021-09-01,CO,High_Himal,17.1850475562652,16.924322833692,2.0834128680950834,-1.822688145521882
2021-10-01,CO,High_Himal,15.934305656748402,16.756214197636048,-0.9323037256004192,0.11039518471277177
2021-11-01,CO,High_Himal,15.2156928948787,16.589462918359935,-1.708591110308249,0.33482108682701295
2021-12-01,CO,High_Himal,13.522907187153098,16.431769620010186,-2.0250963760222134,-0.8837660568348742
2022-01-01,CO,High_Himal,13.5727086303146,16.290387534549627,-2.1110674138298373,-0.6066114904051894
2022-02-01,CO,High_Himal,13.718224812644,16.162510480518858,-1.9067449461427854,-0.5375407217320731
2022-03-01,CO,High_Himal,16.2167182817167,16.051311846378802,-0.7664257279269806,0.9318321632648789
2022-04-01,CO,High_Himal,15.8909706959974,15.962354294775334,0.24821554415792182,-0.3195991429358571
2022-05-01,CO,High_Himal,16.852190850756,15.897074950722542,1.0609190971929345,-0.10580319715947795
2022-06-01,CO,High_Himal,18.937109422281495,15.85688848213658,1.5780815913556983,1.5021393487892176
2022-07-01,CO,High_Himal,16.765683338530998,15.836031209528143,2.183702422985012,-1.2540502939821572
2022-08-01,CO,High_Himal,18.1866636171661,15.832366864943703,2.3526775874851213,0.0016191647372760798
2022-09-01,CO,High_Himal,17.9777690482074,15.836316093949222,2.074441294776355,0.06701165948182286
2022-10-01,CO,High_Himal,13.8978696849832,15.834446434283683,-1.0805528257927448,-0.8560239235077365
2022-11-01,CO,High_Himal,14.0478518347204,15.826935897532884,-1.7441639983311887,-0.03492006448129459
2022-12-01,CO,High_Himal,14.3018037978664,15.822219538259326,-1.880900004619981,0.36048426422705404
2023-01-01,CO,High_Himal,13.8412476931473,15.827404527050568,-2.1211239248449516,0.13496709094168402
2023-02-01,CO,High_Himal,14.4429161390353,15.839465243307023,-1.9250421054382256,0.5284930011665008
2023-03-01,CO,High_Himal,15.2716162258199,15.85636325245201,-0.6984261542082294,0.11367912757611975
2023-04-01,CO,High_Himal,15.7134290090497,15.87817658219773,0.21542078149945532,-0.3801683546474859
2023-05-01,CO,High_Himal,16.5049757932266,15.903770259869798,1.0727361264593953,-0.47153059310259415
2023-06-01,CO,High_Himal,16.5447968119919,15.930711204361076,1.6205516148949632,-1.0064660072641392
2023-07-01,CO,High_Himal,17.8963761492216,15.957426504896043,2.055451386654072,-0.1165017423285164
2023-08-01,CO,High_Himal,18.7032027045836,15.987731650836576,2.4871044129226245,0.22836664082440095
2023-09-01,CO,High_Himal,18.4503826151634,16.030016880362613,2.0685000787534724,0.35186565604731257
2023-10-01,CO,High_Himal,14.4423397574927,16.091404904412933,-1.1948934202326102,-0.4541717266876226
2023-11-01,CO,High_Himal,14.1075031448515,16.171825569444138,-1.7824288420018708,-0.2818935825907687
2023-12-01,CO,High_Himal,14.7654549835297,16.262623928635687,-1.785346771106267,0.28817782600027897
2024-01-01,CO,High_Himal,14.3002175816558,16.347661202749013,-2.1460633996776517,0.09861977858443893
2024-02-01,CO,High_Himal,14.2936593648378,16.422734709945285,-1.9457848786232739,-0.183290466484209
2024-03-01,CO,High_Himal,15.5323694456434,16.49502482491334,-0.6498709172029413,-0.31278446206699684
2024-04-01,CO,High_Himal,17.380070827667698,16.569353311975572,0.16952438005427886,0.6411931356378453
2024-05-01,CO,High_Himal,19.573059738106,16.646886883891195,1.0998519449709054,1.8263209092439006
2024-06-01,CO,High_Himal,20.6842876502685,16.720406935479968,1.6642059830510447,2.2996747317374897
2024-07-01,CO,High_Himal,18.9386344690337,16.782288783942015,2.004549363281258,0.1517963218104299
2024-08-01,CO,High_Himal,17.4943715303435,16.831955412103127,2.573040879340706,-1.9106247611003333
2024-09-01,CO,High_Himal,18.4896913862446,16.87142679662585,2.0637881069799424,-0.4455235173611918
2024-10-01,CO,High_Himal,15.8751806184609,16.901036957050668,-1.3047960837442767,0.2789397451545099
2024-11-01,CO,High_Himal,15.4610214755389,16.910626217674398,-1.8230604004270192,0.37345565829151894
2024-12-01,CO,High_Himal,15.4809997672673,16.886874102617337,-1.6946236143429356,0.28874927899289915
2025-01-01,CO,High_Himal,16.0049070312132,16.833131046462665,-2.169342785411461,1.341118770161998
2025-02-01,CO,High_Himal,14.8235079213922,16.764586347808876,-1.9670584798411117,0.025980053424433436
2025-03-01,CO,High_Himal,16.0044819094767,16.68597133137089,-0.6136482173586127,-0.06784120453557918
2025-04-01,CO,High_Himal,17.3269751358884,16.59415159496416,0.13413469000322215,0.5986888509210182
2025-05-01,CO,High_Himal,17.7573933984477,16.486824924159116,1.1303091693472693,0.14025930494131345
2025-06-01,CO,High_Himal,17.8396637997165,16.367212538852797,1.7014379709427325,-0.2289867100790275
2025-07-01,CO,High_Himal,17.5147783807239,16.237219808929705,1.9677045962412967,-0.6901460244471025
2025-08-01,CO,High_Himal,19.088442459655,16.102391438035124,2.6500283820263046,0.33602263959356904
2025-09-01,CO,High_Himal,18.1487054737138,15.969543771292683,2.053768783437861,0.12539291898325722
2025-10-01,CO,High_Himal,14.6339177156913,15.843779043103806,-1.402319418013324,0.19245809060081775
2025-11-01,CO,High_Himal,13.7612047595239,15.739397727578396,-1.8633530764997417,-0.11483989155475349
2025-12-01,CO,High_Himal,13.4493809502016,15.635412823906176,-1.6141125177438476,-0.571919355960727
2026-01-01,CO,High_Himal,13.2273895131347,15.529110830591055,-2.1934686222130284,-0.10825269524332626
2026-02-01,CO,High_Himal,13.4624093211555,15.421817753747646,-1.989158507781869,0.029750075189722835
2026-03-01,CO,High_Himal,14.8375167847567,15.314575265480183,-0.5858773109916895,0.1088188302682056
2026-04-01,CO,High_Himal,14.7563087751744,15.207973374581492,0.1033914541766991,-0.5550560535837903
2026-05-01,CO,High_Himal,16.3577864317661,15.102364182509485,1.168977503242895,0.0864447460137221
2026-06-01,CO,High_Himal,17.0984282529964,14.998177718371988,1.7429444648479429,0.3573060697764685
2026-07-01,CO,High_Himal,17.5790521911947,14.895635402514907,1.9431570367200923,0.7402597519597016
2026-08-01,CO,High_Himal,17.0924745756967,14.794534599661313,2.7154278222564687,-0.4174878462210838
2019-01-01,CO,High_Mountains,17.7913507280498,19.93796126789559,-2.0676684394931315,-0.07894210035265914
2019-02-01,CO,High_Mountains,17.8352830387127,20.032306879039922,-1.737712100090064,-0.45931174023715826
2019-03-01,CO,High_Mountains,19.1751715839373,20.12381432861094,-0.6999690836527737,-0.24867366102086663
2019-04-01,CO,High_Mountains,20.9718556157007,20.212620143568806,0.7428552900907882,0.01638018204110736
2019-05-01,CO,High_Mountains,22.7634124826822,20.299211496074335,1.8635546730590673,0.6006463135487969
2019-06-01,CO,High_Mountains,22.0081613343354,20.384208758186123,1.7448259185236643,-0.12087334237438441
2019-07-01,CO,High_Mountains,23.7534404724506,20.468121657880353,2.560488497806822,0.7248303167634234
2019-08-01,CO,High_Mountains,22.0211589277393,20.551585238303097,1.4674641997863243,0.002109489649878782
2019-09-01,CO,High_Mountains,22.6557698061155,20.635079741254888,1.8737665938118486,0.14692347104876546
2019-10-01,CO,High_Mountains,19.8390262661541,20.718247914332036,-1.0146830700133964,0.13546142183546195
2019-11-01,CO,High_Mountains,18.9151622421528,20.79180931791953,-2.015448970989575,0.13880189522284425
2019-12-01,CO,High_Mountains,17.8612802335368,20.830372015596478,-2.7281039508209823,-0.24098783123869438
2020-01-01,CO,High_Mountains,18.8807286579246,20.85976996724923,-2.0512488089409477,0.07220749961631867
2020-02-01,CO,High_Mountains,19.5504523946911,20.88942099072849,-1.7444627750257617,0.4054941789883735
2020-03-01,CO,High_Mountains,20.0055859992017,20.925831782280273,-0.5799756772891413,-0.3402701057894326
2020-04-01,CO,High_Mountains,21.7385725782937,20.97341781791998,0.7822919286123065,-0.017137168238587464
2020-05-01,CO,High_Mountains,22.4200717864016,21.036507090455416,1.7771339555614358,-0.39356925961525135
2020-06-01,CO,High_Mountains,23.0314484382022,21.114925811681918,1.7116060939415694,0.20491653257871434
2020-07-01,CO,High_Mountains,23.3323154058674,21.20766863062308,2.3133246395320435,-0.18867786428772249
2020-08-01,CO,High_Mountains,21.762437005694306,21.31014302478199,1.7052065388776982,-1.2529125579653808
2020-09-01,CO,High_Mountains,23.0734966354178,21.41091764340619,1.8876493204688445,-0.2250703284572353
2020-10-01,CO,High_Mountains,20.3929682032351,21.49503041461424,-1.1596017565233445,0.05753954514420201
2020-11-01,CO,High_Mountains,19.2806580368239,21.55437061068485,-2.0683525443319826,-0.20536002952896482
2020-12-01,CO,High_Mountains,19.6863502369222,21.59728063499801,-2.5828877443326665,0.6719573462568533
2021-01-01,CO,High_Mountains,20.426063001575,21.628765671144055,-2.0301927732540506,0.827490103684994
2021-02-01,CO,High_Mountains,20.3520585969582,21.638681076367597,-1.7552734626744024,0.4686509832650074
2021-03-01,CO,High_Mountains,21.8455670130933,21.616928945223936,-0.48122893419628754,0.7098670020656535
2021-04-01,CO,High_Mountains,24.1978275802824,21.557765226085287,0.8172714699288027,1.8227908842683114
2021-05-01,CO,High_Mountains,23.2161688026444,21.456911276978715,1.7077995306976372,0.051457994968046705
2021-06-01,CO,High_Mountains,23.226854610308894,21.318349085090254,1.6879395503067351,0.22056597491190644
2021-07-01,CO,High_Mountains,22.939844079127894,21.148526458533055,2.0804321376472905,-0.2891145170524503
2021-08-01,CO,High_Mountains,23.6345529239485,20.957433559863674,1.928520064014713,0.748599300070115
2021-09-01,CO,High_Mountains,20.5447907212457,20.760165696495125,1.8959192579443225,-2.111294233193746
2021-10-01,CO,High_Mountains,19.299596990310494,20.56679148662534,-1.2971240685861303,0.029929572271282012
2021-11-01,CO,High_Mountains,18.426851102909698,20.38006501989003,-2.1245245250756057,0.17131060809527554
2021-12-01,CO,High_Mountains,16.8788069515765,20.205818122273666,-2.4475455468132674,-0.8794656238838989
2022-01-01,CO,High_Mountains,17.1550546790617,20.047769662114288,-2.0034676932611353,-0.8892472897914523
2022-02-01,CO,High_Mountains,17.5013810908807,19.90011165001235,-1.766477330188714,-0.6322532289429361
2022-03-01,CO,High_Mountains,20.5432470275632,19.769198879718658,-0.3894942729949853,1.1635424208395264
2022-04-01,CO,High_Mountains,20.6952157724292,19.664101745113477,0.847465028892183,0.1836489984235392
2022-05-01,CO,High_Mountains,21.1237236780568,19.584774879511418,1.6566248851339949,-0.11767608658861306
2022-06-01,CO,High_Mountains,23.3873204588548,19.5313869239675,1.6799735444257387,2.1759599904615605
2022-07-01,CO,High_Mountains,20.0260792148342,19.49866851994422,1.856050577781424,-1.3286398828914443
2022-08-01,CO,High_Mountains,21.4735849183275,19.483226316337525,2.1446302947526434,-0.15427169276266994
2022-09-01,CO,High_Mountains,21.499792658997,19.47345195083398,1.9018285076894383,0.12451220047358191
2022-10-01,CO,High_Mountains,16.6924852696261,19.455070569598554,-1.428304408799536,-1.3342808911729165
2022-11-01,CO,High_Mountains,17.1851588287027,19.430142163959594,-2.1819644111669385,-0.06301892408995613
2022-12-01,CO,High_Mountains,17.2753907166955,19.411744526918536,-2.3288214242215206,0.19246761399848467
2023-01-01,CO,High_Mountains,17.167249659554,19.41038391246648,-1.9950600666630034,-0.2480741862494753
2023-02-01,CO,High_Mountains,18.3085161571877,19.42315841735188,-1.8013612892505768,0.6867190290863974
2023-03-01,CO,High_Mountains,19.4605605279463,19.444158473586686,-0.3266008052223917,0.34300285958200405
2023-04-01,CO,High_Mountains,20.1592721529893,19.472011056158152,0.8464311749984513,-0.15917007816730333
2023-05-01,CO,High_Mountains,20.675790153753,19.50580132977811,1.669959029427611,-0.4999702054527191
2023-06-01,CO,High_Mountains,20.4460361973704,19.54327503821407,1.7115020902802238,-0.8087409311238929
2023-07-01,CO,High_Mountains,21.1389444028974,19.580835312858113,1.7073287257193486,-0.1492196356800619
2023-08-01,CO,High_Mountains,22.1540827045876,19.617350823407836,2.316106155743164,0.22062572543660153
2023-09-01,CO,High_Mountains,21.8532060605392,19.659052749163173,1.9205460635477631,0.27360724782826296
2023-10-01,CO,High_Mountains,17.8433030915098,19.71276747529426,-1.538022804513536,-0.3314415792709262
2023-11-01,CO,High_Mountains,17.3914950648534,19.783124777543804,-2.2447007111116353,-0.1469290015787692
2023-12-01,CO,High_Mountains,18.1024876417594,19.866078838730296,-2.263024586267429,0.49943338929653436
2024-01-01,CO,High_Mountains,18.1663330960672,19.948942173220694,-2.0041636822744175,0.22155460512092162
2024-02-01,CO,High_Mountains,17.912880655379702,20.035338419623372,-1.852116025047152,-0.2703417391965175
2024-03-01,CO,High_Mountains,19.4994442662677,20.131408537339652,-0.31029875364122994,-0.3216655174307199
2024-04-01,CO,High_Mountains,23.221978027439302,20.232690782452174,0.8175239085200702,2.171763336467059
2024-05-01,CO,High_Mountains,24.899847227625603,20.334546766193352,1.7281545001752443,2.837145961257008
2024-06-01,CO,High_Mountains,25.498628800704,20.427475990865602,1.7556959670772903,3.315456842761108
2024-07-01,CO,High_Mountains,22.341882861515,20.50615771513206,1.6464198338449139,0.1893053125380284
2024-08-01,CO,High_Mountains,20.8974357398009,20.575715399371983,2.439439856892931,-2.117719516464014
2024-09-01,CO,High_Mountains,22.0699479306116,20.645236688158146,1.9411471084626928,-0.516435866009239
2024-10-01,CO,High_Mountains,19.526259740435695,20.719125223550872,-1.643910115362922,0.4510446322477435
2024-11-01,CO,High_Mountains,18.995006468911,20.767908466434243,-2.307842901375146,0.5349409038519042
2024-12-01,CO,High_Mountains,18.866443605093803,20.752486560595337,-2.2011143666065287,0.31507141110499504
2025-01-01,CO,High_Mountains,19.5531429308603,20.684570975643535,-2.006227245854123,0.8747992010708892
2025-02-01,CO,High_Mountains,18.6211144359545,20.594211444171748,-1.9078741059628945,-0.06522290225435512
2025-03-01,CO,High_Mountains,19.9431151635989,20.487065502639656,-0.31648259669988876,-0.22746774234086686
2025-04-01,CO,High_Mountains,21.978623848989,20.35889256318602,0.7890095020685102,0.830721783734468
2025-05-01,CO,High_Mountains,22.109661518802703,20.208160074932866,1.7939572786609013,0.10754416520893528
2025-06-01,CO,High_Mountains,21.7247589635957,20.04302852020637,1.7984995821148735,-0.11676913872554451
2025-07-01,CO,High_Mountains,20.765775494799,19.869713426772492,1.6022438409855961,-0.7061817729590878
2025-08-01,CO,High_Mountains,22.6093065088967,19.697174371407726,2.5543725903869694,0.3577595471020061
2025-09-01,CO,High_Mountains,21.685553296565,19.533638100852087,1.957298968578746,0.1946162271341656
2025-10-01,CO,High_Mountains,17.6401155902415,19.383574965589982,-1.7398967058225658,-0.0035626695259161067
2025-11-01,CO,High_Mountains,16.6478213433446,19.26847793251599,-2.3695926824330904,-0.2510639067382989
2025-12-01,CO,High_Mountains,16.393176538556002,19.154508481062695,-2.1482464227576945,-0.6130855197489993
2026-01-01,CO,High_Mountains,16.637797829592902,19.038182716658962,-2.0019831015953873,-0.3984017854706714
2026-02-01,CO,High_Mountains,17.0641403087722,18.9212956350111,-1.9666328062204814,0.10947747998158164
2026-03-01,CO,High_Mountains,18.585634206989,18.805344812041223,-0.340710641988943,0.12100003693671724
2026-04-01,CO,High_Mountains,19.0040354572699,18.69112659576644,0.7587027565104985,-0.44579389500703925
2026-05-01,CO,High_Mountains,20.599614231546,18.579061607830603,1.8718445924984206,0.14870803121697662
2026-06-01,CO,High_Mountains,20.6735560933285,18.46955791907206,1.8518639385260238,0.3521342357304178
2026-07-01,CO,High_Mountains,20.8305225255628,18.362748762274762,1.5728181223421152,0.8949556409459198
2026-08-01,CO,High_Mountains,20.5377410785243,18.25832481061364,2.659824122221755,-0.38040785431109825
2019-01-01,CO,Middle_Mountains,26.1724171678972,27.824806219004195,-1.6681083529531593,0.015719301846164768
2019-02-01,CO,Middle_Mountains,25.7489240766719,27.930998818896775,-0.9795425296639176,-1.202532212560957
2019-03-01,CO,Middle_Mountains,28.2017123162027,28.03261761006271,0.14950946166210946,0.01958524447787724
2019-04-01,CO,Middle_Mountains,30.8340647713551,28.129973718832595,2.8423268602830203,-0.13823580776051614
2019-05-01,CO,Middle_Mountains,34.9007500150503,28.223785542934603,2.97637160983821,3.7005928622774853
2019-06-01,CO,Middle_Mountains,31.252534555036704,28.315199847769733,2.290814337244525,0.6465203700224436
2019-07-01,CO,Middle_Mountains,30.3506662290071,28.405802406659664,1.1696701526703925,0.7751936696770443
2019-08-01,CO,Middle_Mountains,28.2413428786335,28.497318378797736,-0.4707353037496407,0.21475980358540525
2019-09-01,CO,Middle_Mountains,29.1799478731323,28.591479517809486,0.39003504652279264,0.19843330880001986
2019-10-01,CO,Middle_Mountains,27.264744332341905,28.688597798280192,-1.4060855660712328,-0.01776789986705296
2019-11-01,CO,Middle_Mountains,26.7352485321256,28.76967232030922,-2.190716533771019,0.15629274558740036
2019-12-01,CO,Middle_Mountains,25.0525814674444,28.790767681827166,-3.291407404282885,-0.44677881009987885
2020-01-01,CO,Middle_Mountains,27.060273889187,28.79980751436153,-1.658760386987402,-0.08077323818712756
2020-02-01,CO,Middle_Mountains,28.727629343324,28.814150782308978,-0.9386517207989048,0.8521302818139276
2020-03-01,CO,Middle_Mountains,28.628393299557302,28.844852852362873,0.38527847626506445,-0.6017380290706349
2020-04-01,CO,Middle_Mountains,31.655782157297203,28.898100277139495,3.127123613043563,-0.36944173288585347
2020-05-01,CO,Middle_Mountains,32.1299201246277,28.977777710072804,2.994048849748791,0.1580935648061086
2020-06-01,CO,Middle_Mountains,30.8672205678072,29.085549494820384,2.0411450731034906,-0.25947400011667554
2020-07-01,CO,Middle_Mountains,29.8936182835114,29.221692724336727,0.8108829665528854,-0.13895740737821072
2020-08-01,CO,Middle_Mountains,27.8515500549406,29.381227307582755,-0.21230729459592773,-1.3173699580462284
2020-09-01,CO,Middle_Mountains,30.0419852138643,29.524445985534424,0.43439927686749813,0.08313995146237829
2020-10-01,CO,Middle_Mountains,28.001759948717694,29.59171497254299,-1.6624294399549304,0.07247441612963357
2020-11-01,CO,Middle_Mountains,27.024392104654098,29.586140020323292,-2.3488316060890893,-0.21291630958010543
2020-12-01,CO,Middle_Mountains,28.0390129548215,29.567529174002953,-3.146058867830824,1.6175426486493727
2021-01-01,CO,Middle_Mountains,29.8547767323514,29.550768089351486,-1.6387509393462523,1.9427595823461665
2021-02-01,CO,Middle_Mountains,30.7551296914821,29.531351123201205,-0.9042060014986761,2.1279845697795707
2021-03-01,CO,Middle_Mountains,35.2659931805311,29.502431011379166,0.5937528250921187,5.169809344059814
2021-04-01,CO,Middle_Mountains,40.5695843413728,29.447556673843305,3.375609071748681,7.746418595780813
2021-05-01,CO,Middle_Mountains,31.791539826736603,29.353243638115785,3.0118696395012483,-0.5735734508804313
2021-06-01,CO,Middle_Mountains,30.7324028095089,29.213035245121727,1.823189373242961,-0.3038218088557869
2021-07-01,CO,Middle_Mountains,29.3949444874921,29.025094719351937,0.48306430118562327,-0.11321453304546125
2021-08-01,CO,Middle_Mountains,30.582634346014,28.797105849927032,0.02723020838586187,1.7582982877011055
2021-09-01,CO,Middle_Mountains,26.8428879960182,28.585538307892172,0.4799647080637157,-2.222615019937688
2021-10-01,CO,Middle_Mountains,27.0085950561373,28.439252866806196,-1.9109691811216627,0.48031137045276395
2021-11-01,CO,Middle_Mountains,26.1111563263583,28.337731857883412,-2.5053566819361217,0.27878115041101026
2021-12-01,CO,Middle_Mountains,24.251082970964,28.242405218094678,-3.008204810010129,-0.9831174371205513
2022-01-01,CO,Middle_Mountains,25.2230480241434,28.13590498623583,-1.6080423773525088,-1.3048145847399226
2022-02-01,CO,Middle_Mountains,26.0757568003562,28.013331748343496,-0.8626902550870391,-1.074884692900259
2022-03-01,CO,Middle_Mountains,30.7544929761976,27.885674205617832,0.7866027200351058,2.0822160505446625
2022-04-01,CO,Middle_Mountains,33.323035829891,27.771623417966754,3.5979336674374323,1.9534787444868122
2022-05-01,CO,Middle_Mountains,31.688415296703404,27.68252406030078,3.031814426905044,0.974076809497582
2022-06-01,CO,Middle_Mountains,32.852326172239394,27.627188844390854,1.633809975279542,3.591327352568996
2022-07-01,CO,Middle_Mountains,26.0313051222073,27.5997494138802,0.17888688205193587,-1.747331173724838
2022-08-01,CO,Middle_Mountains,27.5832724899579,27.591724783459767,0.26218643622613524,-0.2706387297280024
2022-09-01,CO,Middle_Mountains,28.4361683707282,27.57938478910479,0.5250134990508176,0.3317700825725929
2022-10-01,CO,Middle_Mountains,23.3182551619959,27.54189038063869,-2.15007637844968,-2.0735588401931118
2022-11-01,CO,Middle_Mountains,24.5137819983706,27.489767525400786,-2.6573399818159027,-0.31864554521428445
2022-12-01,CO,Middle_Mountains,24.5832609802094,27.456633385785107,-2.88970459139091,0.016332185815201683
2023-01-01,CO,Middle_Mountains,25.1719212573372,27.465701296178647,-1.5959850028496394,-0.6977950359918061
2023-02-01,CO,Middle_Mountains,27.9328236000987,27.510845794125355,-0.8682336933492526,1.2902114993225986
2023-03-01,CO,Middle_Mountains,29.079838786539,27.575604545793038,0.9534489880128353,0.5507852527331281
2023-04-01,CO,Middle_Mountains,31.6347525071528,27.64860740853988,3.7323713035021377,0.25377379511078146
2023-05-01,CO,Middle_Mountains,30.2577405565857,27.729063608158125,3.083690649334353,-0.5550137009067804
2023-06-01,CO,Middle_Mountains,28.5269546528338,27.813477773266346,1.5646007444521572,-0.8511238648847019
2023-07-01,CO,Middle_Mountains,27.3570949195707,27.892787859677956,-0.015102553673949868,-0.5205903864333088
2023-08-01,CO,Middle_Mountains,29.1174890152434,27.961458546535756,0.4669879050365356,0.6890425636711086
2023-09-01,CO,Middle_Mountains,28.966630848912494,28.02680057546014,0.6137414673214816,0.32608880613087265
2023-10-01,CO,Middle_Mountains,25.3428570688118,28.09832814978668,-2.3947205730785277,-0.36075050789635554
2023-11-01,CO,Middle_Mountains,24.9590988666317,28.180645495442313,-2.813699340636561,-0.4078472881740538
2023-12-01,CO,Middle_Mountains,26.042144440951603,28.258459031802737,-2.843771167110346,0.6274565762592133
2024-01-01,CO,Middle_Mountains,27.6203011349942,28.313904350039675,-1.5974723004262386,0.9038690853807658
2024-02-01,CO,Middle_Mountains,26.9295354193482,28.370335007644616,-0.9158318836098248,-0.5249677046865919
2024-03-01,CO,Middle_Mountains,29.3375901422682,28.450323597523152,1.0644266661642618,-0.1771601214192131
2024-04-01,CO,Middle_Mountains,39.334214865983405,28.55202677712153,3.770560402088571,7.011627686773306
2024-05-01,CO,Middle_Mountains,37.1150737139685,28.657733924759054,3.1560049625240882,5.301334826685359
2024-06-01,CO,Middle_Mountains,35.3486968961519,28.74443904938716,1.5827750752883365,5.0214827714764
2024-07-01,CO,Middle_Mountains,28.9586181641373,28.801484478226623,-0.08413651190842694,0.24127019781910164
2024-08-01,CO,Middle_Mountains,27.227917971862095,28.834041585913106,0.6270439218148337,-2.233167535865846
2024-09-01,CO,Middle_Mountains,28.7580894676412,28.857779255580077,0.7130488322522515,-0.81273862019113
2024-10-01,CO,Middle_Mountains,27.8057113581138,28.889624894693746,-2.637391866533047,1.5534783299531014
2024-11-01,CO,Middle_Mountains,27.689950748542103,28.9066822077859,-2.968727042766639,1.7519955835228416
2024-12-01,CO,Middle_Mountains,26.7350312693386,28.865459946555347,-2.801852364024259,0.6714236868075112
2025-01-01,CO,Middle_Mountains,27.8740965857779,28.778419501092493,-1.582498671067652,0.6781757557530561
2025-02-01,CO,Middle_Mountains,27.2732471478548,28.672152791944697,-0.9749295324737163,-0.4239761116161809
2025-03-01,CO,Middle_Mountains,29.3847090361514,28.5441850644188,1.1402042419518688,-0.2996802702192696
2025-04-01,CO,Middle_Mountains,32.5957538974059,28.38221691564684,3.7802009556212117,0.43333602613784805
2025-05-01,CO,Middle_Mountains,31.1936585923117,28.181421689103498,3.225791839063271,-0.21355493585506835
2025-06-01,CO,Middle_Mountains,29.3386403550236,27.959231628582643,1.6122532252615847,-0.2328444988206293
2025-07-01,CO,Middle_Mountains,27.1042873364973,27.739213692480686,-0.12152707740085378,-0.5133992785825328
2025-08-01,CO,Middle_Mountains,29.1772216898588,27.53821230966498,0.7735857603860244,0.865423619807796
2025-09-01,CO,Middle_Mountains,28.6031228441121,27.362036619965274,0.8154704355747012,0.4256157885721237
2025-10-01,CO,Middle_Mountains,24.0016358277966,27.21120339622852,-2.8654252343300657,-0.34414233410185346
2025-11-01,CO,Middle_Mountains,23.5751756720546,27.111502612037647,-3.1135237493857755,-0.42280319059727134
2025-12-01,CO,Middle_Mountains,23.3878074701709,27.01138432275339,-2.7652122120092244,-0.8583646405732672
2026-01-01,CO,Middle_Mountains,24.7355592190547,26.90635904296784,-1.5546722780204494,-0.6161275458926916
2026-02-01,CO,Middle_Mountains,26.175976025099303,26.799939116773643,-1.0383881662532495,0.414425074578908
2026-03-01,CO,Middle_Mountains,27.8357065757655,26.694645967959733,1.1823472591040918,-0.04128665129832498
2026-04-01,CO,Middle_Mountains,29.605931213043,26.591696454521394,3.7534670192429096,-0.7392322607213018
2026-05-01,CO,Middle_Mountains,30.0548007574396,26.491834617746044,3.2984258044550967,0.2645403352384612
2026-06-01,CO,Middle_Mountains,28.6795087513382,26.39579203900531,1.6684205362704112,0.6152961760624791
2026-07-01,CO,Middle_Mountains,27.0055066711127,26.30383655431737,-0.12588540202930262,0.8275555188246315
2026-08-01,CO,Middle_Mountains,26.6323942806816,26.21554231793451,0.9118270616185891,-0.4949750988714996
2019-01-01,CO,Siwalik,33.889109793064804,34.84169886332979,-1.1166185383188638,0.16402946805387586
2019-02-01,CO,Siwalik,32.7465233457456,34.87191582601174,-1.4672780782646875,-0.658114402001452
2019-03-01,CO,Siwalik,35.9099835623383,34.89990642958339,1.0039602029954313,0.006116929759478751
2019-04-01,CO,Siwalik,39.322157595818005,34.9257400809442,4.654488300517611,-0.2580707856438096
2019-05-01,CO,Siwalik,45.2181322407437,34.949738592770174,3.757367359920606,6.511026288052918
2019-06-01,CO,Siwalik,37.7640653890792,34.97258148915955,2.06359831119563,0.7278855887240212
2019-07-01,CO,Siwalik,34.649842950539394,34.995183362949575,-0.7550455211966922,0.4097051087865111
2019-08-01,CO,Siwalik,32.414245469757105,35.01823042267884,-2.704779679230729,0.10079472630899033
2019-09-01,CO,Siwalik,33.7261864815218,35.042108662932336,-1.2207601896397566,-0.09516199177078022
2019-10-01,CO,Siwalik,33.2931271605256,35.06626593966031,-1.1526840635724827,-0.6204547155622322
2019-11-01,CO,Siwalik,34.5772686802336,35.080456457440576,-0.621695476628606,0.11850769942163453
2019-12-01,CO,Siwalik,31.947631877181298,35.06176145836284,-3.173937765573175,0.05980818439163471
2020-01-01,CO,Siwalik,34.5293513594719,35.045977300954526,-0.9888025703239327,0.47217662884131073
2020-02-01,CO,Siwalik,38.02861247163359,35.046275862324435,-0.9525320837997419,3.9348686931088963
2020-03-01,CO,Siwalik,35.563668291022,35.06394011947093,1.4860020826558065,-0.9862739111047389
2020-04-01,CO,Siwalik,39.6151883859576,35.095983440991475,5.0736951297936415,-0.5544901848275146
2020-05-01,CO,Siwalik,39.1422522753902,35.13639629568115,3.6846733568956114,0.32118262281343846
2020-06-01,CO,Siwalik,36.3834537232225,35.181695952413456,1.7089488667282735,-0.5071910959192252
2020-07-01,CO,Siwalik,34.078370202119,35.2362118816208,-1.186452804302974,0.02861112480117356
2020-08-01,CO,Siwalik,31.7843093112488,35.30746254490443,-2.506282336244025,-1.0168708974116072
2020-09-01,CO,Siwalik,35.0413363836234,35.35144774064419,-1.1854598807606171,0.8753485237398309
2020-10-01,CO,Siwalik,34.259756711679,35.316223157641176,-1.6295283839610781,0.5730619379989079
2020-11-01,CO,Siwalik,33.7218588175376,35.26872905743107,-1.2561162022674133,-0.29075403762605134
2020-12-01,CO,Siwalik,35.8442639655403,35.26140536095507,-2.967876063677502,3.5507346682627343
2021-01-01,CO,Siwalik,39.428624362475695,35.26453251962649,-0.8290955213640133,4.993187364213213
2021-02-01,CO,Siwalik,40.9378841510566,35.27115948813455,-0.44069682013244665,6.107421483054495
2021-03-01,CO,Siwalik,45.8327350064171,35.2762291291111,1.929542552311279,8.626963324994719
2021-04-01,CO,Siwalik,52.9834537853509,35.254709618469946,5.427729482811117,12.301014684069841
2021-05-01,CO,Siwalik,37.7054051350856,35.196179207123485,3.612130263584546,-1.1029043356224335
2021-06-01,CO,Siwalik,36.4714464923208,35.11133410825857,1.3945794243361564,-0.034467040273924
2021-07-01,CO,Siwalik,33.92920138063641,35.026751011276474,-1.5834233438370633,0.48587371319699457
2021-08-01,CO,Siwalik,35.360116863988395,34.94639222264525,-2.3252709416540123,2.7389955829971555
2021-09-01,CO,Siwalik,31.2493889557068,34.90114748704818,-1.1418337612748342,-2.5099247700665472
2021-10-01,CO,Siwalik,33.6124940156485,34.90756555427473,-2.107111317894418,0.8120397792681828
2021-11-01,CO,Siwalik,33.6834844072656,34.92586921845544,-1.880953750995448,0.6385689398056087
2021-12-01,CO,Siwalik,30.8418934731855,34.91595369540265,-2.76257801547242,-1.3114822067447278
2022-01-01,CO,Siwalik,32.713137790294,34.869479589389556,-0.6582782747080821,-1.4980635243874758
2022-02-01,CO,Siwalik,34.0510125206715,34.792965027371054,0.07496290141690945,-0.8169154081164649
2022-03-01,CO,Siwalik,39.099651900137495,34.7019375057016,2.3524481527664167,2.0452662416694807
2022-04-01,CO,Siwalik,43.6320182587815,34.61985282755924,5.733113963788527,3.2790514674337317
2022-05-01,CO,Siwalik,39.6442475267946,34.56068691353351,3.5377704517706583,1.5457901614904372
2022-06-01,CO,Siwalik,39.7446251550663,34.53726325576247,1.1236032931231086,4.083758606180723
2022-07-01,CO,Siwalik,30.4182903994216,34.545028888235954,-1.9485883197456952,-2.178150169068658
2022-08-01,CO,Siwalik,31.925492398466897,34.57723636784511,-2.145039452740883,-0.5067045166373276
2022-09-01,CO,Siwalik,33.866517636782795,34.60278776827373,-1.0978249442243908,0.36155481273345913
2022-10-01,CO,Siwalik,28.7542390421619,34.59292000683515,-2.5806787683713663,-3.2580021963018844
2022-11-01,CO,Siwalik,31.616578190078904,34.5632954743022,-2.483942892432289,-0.4627743917910081
2022-12-01,CO,Siwalik,31.792295748792604,34.557444416580225,-2.5782281165879457,-0.18692055119967677
2023-01-01,CO,Siwalik,33.0978511758896,34.59667852232078,-0.5130376726237759,-0.9857896738074032
2023-02-01,CO,Siwalik,37.182655026183895,34.66722585204597,0.5499994392050496,1.9654297349328687
2023-03-01,CO,Siwalik,38.1871953805039,34.753377469691735,2.741165586966241,0.6926523238459268
2023-04-01,CO,Siwalik,42.622212337643305,34.843326687527195,5.902536913499851,1.876348736616258
2023-05-01,CO,Siwalik,37.8317902487405,34.93535938375335,3.5053720507753363,-0.6089411857881899
2023-06-01,CO,Siwalik,34.5175377676751,35.02135882238153,1.0195004845134832,-1.5233215392199142
2023-07-01,CO,Siwalik,31.918776041052304,35.086844970473464,-2.222269890895846,-0.9457990385253154
2023-08-01,CO,Siwalik,34.312523497647696,35.12376992732793,-1.9922798237254704,1.1810333940452367
2023-09-01,CO,Siwalik,34.4302989682971,35.138703859811606,-1.0149760355556547,0.3065711440411505
2023-10-01,CO,Siwalik,31.664958264002298,35.1478676440609,-3.118902533752357,-0.36400684630624625
2023-11-01,CO,Siwalik,31.7714151682563,35.167784964163104,-3.0411089236291935,-0.3552608722776114
2023-12-01,CO,Siwalik,33.3739789072735,35.182238962803275,-2.4336766389616207,0.6254165834318428
2024-01-01,CO,Siwalik,36.8553136196651,35.17615750807756,-0.35919737670741225,2.038353488294952
2024-02-01,CO,Siwalik,35.4900125253873,35.17002244675624,0.9903537122166367,-0.6703636335855805
2024-03-01,CO,Siwalik,37.7121991077929,35.1681213406533,3.045568559953045,-0.5014907928134491
2024-04-01,CO,Siwalik,52.7679424229692,35.18712937562461,5.946913491547924,11.633899555796667
2024-05-01,CO,Siwalik,45.6323715128363,35.237122711188974,3.5035648284837286,6.891683973163595
2024-06-01,CO,Siwalik,42.485989544124,35.29190835327879,1.0202237127317098,6.173857478113497
2024-07-01,CO,Siwalik,33.3892749824012,35.32009806390577,-2.3937220479279038,0.4628989664233316
2024-08-01,CO,Siwalik,31.9384467196758,35.31484002084986,-1.8872402375321926,-1.489153063641865
2024-09-01,CO,Siwalik,33.6146109174932,35.296148613246245,-0.9184517131334108,-0.7630859826196357
2024-10-01,CO,Siwalik,34.6203884816869,35.292621230162304,-3.665311425777407,2.9930786773020017
2024-11-01,CO,Siwalik,36.2931560539034,35.295557141395406,-3.6005297762218555,4.598128688729851
2024-12-01,CO,Siwalik,34.2717234928788,35.26732718820687,-2.2797674553537393,1.2841637600256703
2025-01-01,CO,Siwalik,36.5826681970384,35.21608266825596,-0.1603972073794117,1.5269827361618553
2025-02-01,CO,Siwalik,36.1165527734526,35.16127431964029,1.4212679828974848,-0.4659895290851779
2025-03-01,CO,Siwalik,38.199414114902,35.098193473925164,3.3012084716351984,-0.19998783065836534
2025-04-01,CO,Siwalik,40.8617235862367,35.00564893384815,5.945279823477359,-0.08920517108880688
2025-05-01,CO,Siwalik,37.9700368636939,34.8583113950604,3.499479032863467,-0.38775356422996765
2025-06-01,CO,Siwalik,35.268760687595,34.663413109107786,1.031104956957619,-0.42575737847040784
2025-07-01,CO,Siwalik,31.682305526644097,34.46076996382604,-2.528942874331104,-0.2495215628508376
2025-08-01,CO,Siwalik,33.675181777400496,34.2780163228328,-1.7985745143650476,1.1957399689327488
2025-09-01,CO,Siwalik,33.792557948968195,34.125140629171895,-0.8133470828374336,0.48076440263373144
2025-10-01,CO,Siwalik,29.351642028049,34.00826836064667,-4.2047887014122365,-0.45183763118543396
2025-11-01,CO,Siwalik,30.103461781467,33.945516427380646,-4.149330404640254,0.30727575872661106
2025-12-01,CO,Siwalik,30.655307117438294,33.879508861729605,-2.1170742867209675,-1.1071274575703427
2026-01-01,CO,Siwalik,32.4675328236765,33.80552999692479,0.0675014619635565,-1.405498635211849
2026-02-01,CO,Siwalik,35.948712072577095,33.7278719576312,1.8448648335659774,0.3759752813799153
2026-03-01,CO,Siwalik,37.0673299831881,33.64997966855414,3.515287371457251,-0.0979370568232838
2026-04-01,CO,Siwalik,38.7144489492576,33.57376578041192,5.871911638772768,-0.7312284699270819
2026-05-01,CO,Siwalik,37.3822542328114,33.500481958909376,3.4988861016814345,0.3828861722205872
2026-06-01,CO,Siwalik,35.487924995907,33.43120807553067,1.0783854249380829,0.9783314954382476
2026-07-01,CO,Siwalik,31.351686861089004,33.36633801438507,-2.6242485092517445,0.6095973559556782
2026-08-01,CO,Siwalik,31.0580496169049,33.30533643507569,-1.7157608462528653,-0.5315259719179224
2019-01-01,CO,Terai,41.2546397007141,40.83760560387082,0.37706423863825533,0.0399698582050263
2019-02-01,CO,Terai,40.0949130315568,40.872610272025014,0.9285329185075358,-1.7062301589757496
2019-03-01,CO,Terai,41.8450477457171,40.9030468284378,1.1078071602552741,-0.16580624297597524
2019-04-01,CO,Terai,45.189389619426905,40.929677606024185,4.406882610562431,-0.1471705971597146
2019-05-01,CO,Terai,49.115938625473696,40.95388764995461,5.154389347541777,3.0076616279773134
2019-06-01,CO,Terai,43.0343026969107,40.9772274556917,1.2819681286248714,0.7751071125941351
2019-07-01,CO,Terai,37.5440487811055,41.000205214509705,-3.62784376543755,0.1716873320333434
2019-08-01,CO,Terai,35.133136936125,41.02215865507623,-5.782395713019154,-0.10662600593207827
2019-09-01,CO,Terai,36.6398074967709,41.04106362237602,-3.7167912629071,-0.6844648626980216
2019-10-01,CO,Terai,39.033007741356606,41.05104249963825,-0.9638965826907163,-1.0541381755909285
2019-11-01,CO,Terai,43.5757293606972,41.02619440054062,2.0422360773500525,0.5072988828065306
2019-12-01,CO,Terai,39.3625889342093,40.91978034611088,-2.08831426947634,0.5311228575747577
2020-01-01,CO,Terai,42.3076186018604,40.82190695588712,0.8790028809531734,0.6067087650201017
2020-02-01,CO,Terai,45.636878900347696,40.75805758531917,1.578674313986691,3.300147001041836
2020-03-01,CO,Terai,41.8636074125113,40.724657074363776,1.6351228595089864,-0.4961725213614656
2020-04-01,CO,Terai,44.7999726813241,40.69725668616636,4.649067843727964,-0.5463518485702252
2020-05-01,CO,Terai,44.2113570522456,40.654025119743636,4.541023103987889,-0.9836911714859227
2020-06-01,CO,Terai,40.52324881377941,40.584886683967866,1.0059252445263107,-1.0675631147147655
2020-07-01,CO,Terai,36.470598607129794,40.501035114046346,-4.021268810552547,-0.009167696364002609
2020-08-01,CO,Terai,34.2208898532871,40.43262470241223,-5.505905444748833,-0.7058294043762956
2020-09-01,CO,Terai,38.9365479433556,40.37571936721866,-3.5183717744897107,2.0792003506266497
2020-10-01,CO,Terai,39.8907461758984,40.32338041444571,-1.5192981399303644,1.086663901383055
2020-11-01,CO,Terai,40.5998892701547,40.3139817484516,1.1616769471000152,-0.8757694253969177
2020-12-01,CO,Terai,44.4748217633816,40.35254099278405,-1.7643961340692507,5.8866769046668
2021-01-01,CO,Terai,49.68113600440781,40.39314236223517,1.3916798603693903,7.896313781803251
2021-02-01,CO,Terai,49.9404080077798,40.43038377040064,2.2301154777312737,7.279908759647888
2021-03-01,CO,Terai,51.1008022708756,40.451158523990216,2.1314710707884936,8.518172676096889
2021-04-01,CO,Terai,53.9993043252794,40.42510011587966,4.845314958786811,8.72888925061293
2021-05-01,CO,Terai,42.3416998419879,40.354777380176785,3.975470015170802,-1.9885475533596875
2021-06-01,CO,Terai,41.5728996126492,40.28623960002059,0.7611712607346164,0.5254887518939952
2021-07-01,CO,Terai,36.9035642526286,40.27923429502954,-4.394468362852936,1.0187983204519924
2021-08-01,CO,Terai,39.054456811895896,40.30025390193484,-5.2554081580165395,4.009611067977602
2021-09-01,CO,Terai,34.503271329785,40.34443133436314,-3.3231415564490803,-2.5180184481290624
2021-10-01,CO,Terai,39.4273734954898,40.43948103660848,-2.0791747204204447,1.0670671793017732
2021-11-01,CO,Terai,41.6657250981139,40.55032138129241,0.29024602339647815,0.8251576934250124
2021-12-01,CO,Terai,37.4968958235711,40.6286272879161,-1.4560214637838844,-1.6757100005611179
2022-01-01,CO,Terai,39.6683556294903,40.66147072650427,1.8909666299665813,-2.884081726980554
2022-02-01,CO,Terai,42.4864389104278,40.652229465398705,2.8946899437848037,-1.0604804987557088
2022-03-01,CO,Terai,45.4017380884957,40.617107213950646,2.617336435527294,2.167294439017759
2022-04-01,CO,Terai,48.9258785748609,40.59059974471897,5.01004884458007,3.3252299855618617
2022-05-01,CO,Terai,45.5154481840742,40.59536828277192,3.447293615354683,1.472786285947599
2022-06-01,CO,Terai,45.9428349760867,40.635824939580985,0.5673228331358248,4.73968720336989
2022-07-01,CO,Terai,33.7922047461853,40.689320048886636,-4.743476194238975,-2.1536391084623645
2022-08-01,CO,Terai,34.9678051875255,40.734127753810036,-5.011822998581053,-0.7544995677034834
2022-09-01,CO,Terai,38.5172241272627,40.73128395133387,-3.1403108746661585,0.9262510505949848
2022-10-01,CO,Terai,33.8033264855917,40.6515357705366,-2.639408193690533,-4.208801091254365
2022-11-01,CO,Terai,39.465187512276295,40.52118725250462,-0.5547096225579323,-0.5012901176703934
2022-12-01,CO,Terai,39.513380027946205,40.40908075354838,-1.1860912162703017,0.2903904906681234
2023-01-01,CO,Terai,43.173446470017005,40.37100421171015,2.29255919275019,0.5098830655566644
2023-02-01,CO,Terai,46.150811735692095,40.40513310668747,3.4784428833049787,2.2672357456996437
2023-03-01,CO,Terai,43.3201904005876,40.48342930506126,3.0807978113165113,-0.24403671579016617
2023-04-01,CO,Terai,44.8672796515682,40.58114138443992,5.04639328345487,-0.7602550163265889
2023-05-01,CO,Terai,41.830131865138505,40.685740218120834,3.147376079085767,-2.0029844320680965
2023-06-01,CO,Terai,38.685019702779,40.788364097025216,0.5764290013335683,-2.6797733955797796
2023-07-01,CO,Terai,35.650219482584,40.883601541869375,-5.03434133699881,-0.19904072228656844
2023-08-01,CO,Terai,38.353027502774594,40.980042034013884,-4.811813337032046,2.1847988057927594
2023-09-01,CO,Terai,38.8391936351192,41.10428840140682,-2.965867776262755,0.700773009975137
2023-10-01,CO,Terai,37.423547565131294,41.27389375382753,-3.3133595756940997,-0.536986613002135
2023-11-01,CO,Terai,39.7047364271659,41.46601509981339,-1.3247255761668657,-0.4365530964806297
2023-12-01,CO,Terai,41.7518521099336,41.617407070319096,-0.9283543001180521,1.0627993397325568
2024-01-01,CO,Terai,45.6461255165555,41.69441839659833,2.6408584138649522,1.3108487060922158
2024-02-01,CO,Terai,44.0737067583467,41.731924607778765,3.984180735877541,-1.642398585309607
2024-03-01,CO,Terai,44.6819591406763,41.75419728294691,3.4729731369983616,-0.5452112792689761
2024-04-01,CO,Terai,49.8122440004071,41.78717433295892,4.921252624632302,3.1038170428158764
2024-05-01,CO,Terai,51.42714110398,41.85101497179646,3.019057895837958,6.557068236345579
2024-06-01,CO,Terai,48.3759076358539,41.929598151594035,0.6876787480555747,5.758630736204289
2024-07-01,CO,Terai,36.8724995354767,41.99089594266102,-5.2500992210061295,0.1317028138218106
2024-08-01,CO,Terai,35.771573991868806,42.01705278227289,-4.667762111513128,-1.5777166788909582
2024-09-01,CO,Terai,37.7108807495272,42.015023460588495,-2.7867651249933276,-1.5173775860679655
2024-10-01,CO,Terai,41.1962445553142,42.00027047904981,-4.0010676488723185,3.1970417251367067
2024-11-01,CO,Terai,45.7731920030108,41.96487275873107,-2.092752181755931,5.901071426035664
2024-12-01,CO,Terai,41.995712260770205,41.89230074365768,-0.6572600777004507,0.7606715948129761
2025-01-01,CO,Terai,46.2178256300828,41.80631490934504,3.009933447825606,1.4015772729121565
2025-02-01,CO,Terai,46.3912916784818,41.722116723429394,4.478073888383815,0.19110106666859394
2025-03-01,CO,Terai,45.5669972287646,41.624891344159096,3.831030828744825,0.111075055860681
2025-04-01,CO,Terai,46.2713964842972,41.489901775905246,4.759862958516553,0.021631749875403727
2025-05-01,CO,Terai,44.0939789577076,41.287401145973725,2.91490450071788,-0.10832668898400755
2025-06-01,CO,Terai,40.9719460423733,41.02808592075083,0.7961959442240472,-0.8523358226015816
2025-07-01,CO,Terai,35.019508784607304,40.75890606470157,-5.437655235863666,-0.30174204423060047
2025-08-01,CO,Terai,36.6918955466884,40.5131800238419,-4.54522021047306,0.7239357333195642
2025-09-01,CO,Terai,38.2586660195485,40.30385397334495,-2.613713149216526,0.5685251954200723
2025-10-01,CO,Terai,34.628531955377,40.1425740261512,-4.680329683298938,-0.8337123874752663
2025-11-01,CO,Terai,37.6071448812852,40.08798847386757,-2.8451744230452127,0.36433083046284764
2025-12-01,CO,Terai,38.5510188441747,40.03565368565243,-0.3843319253462298,-1.100302916131497
2026-01-01,CO,Terai,41.09213142062311,39.97504785844465,3.374443679860679,-2.257360117682218
2026-02-01,CO,Terai,45.1001067354288,39.91129869476087,4.973789059777435,0.2150189808904912
2026-03-01,CO,Terai,43.9866569794913,39.84880532214518,4.169011168966664,-0.031159511620543867
2026-04-01,CO,Terai,43.1554214494068,39.790055737280554,4.541612435237553,-1.176246723111305
2026-05-01,CO,Terai,43.1830822311582,39.736636113186854,2.845965093616006,0.6004810243553393
2026-06-01,CO,Terai,42.0856756361176,39.689981488933626,0.9398257301632628,1.4558684170207101
2026-07-01,CO,Terai,34.625966322209,39.65057167072438,-5.594579853618643,0.5699745051032608
2026-08-01,CO,Terai,34.827503494023,39.61763171206792,-4.435734149435918,-0.3543940686090039
2019-01-01,O3,High_Himal,113.3906523607391,114.18970721431626,3.0588775685110066,-3.8579324220881688
2019-02-01,O3,High_Himal,110.4138111764689,114.85252520890272,10.134919344356867,-14.573633376790681
2019-03-01,O3,High_Himal,116.8910084196574,115.49487935341013,1.420925916751974,-0.02479685050469982
2019-04-01,O3,High_Himal,118.1381292635315,116.11719931015946,3.0128539736422257,-0.99192402027019
2019-05-01,O3,High_Himal,118.761631387012,116.71979017686671,2.2003858666741722,-0.15854465652887484
2019-06-01,O3,High_Himal,120.91739671826772,117.30333050071748,0.513631419123883,3.100434798426363
2019-07-01,O3,High_Himal,120.0372242120731,117.86732589776739,0.7043443951858728,1.4655539191198415
2019-08-01,O3,High_Himal,118.4793347200817,118.4065226698511,-1.5043299946382669,1.5771420448688644
2019-09-01,O3,High_Himal,114.9835514250344,118.90718998599232,-3.3782361698359242,-0.5454023911219821
2019-10-01,O3,High_Himal,114.76532601077687,119.3408678410234,-6.433224196089986,1.8576823658434591
2019-11-01,O3,High_Himal,108.39272368442268,119.66132271326272,-10.520284294151281,-0.748314734688762
2019-12-01,O3,High_Himal,121.6117881550335,119.54085875175687,0.5794433230003909,1.491486080276232
2020-01-01,O3,High_Himal,123.6602887960878,119.30756296767525,2.261583564904614,2.0911422635079333
2020-02-01,O3,High_Himal,130.04385756793448,119.0256450382341,9.515646900788962,1.5025656289114124
2020-03-01,O3,High_Himal,127.5808909815862,118.7194799450354,1.8081931099646815,7.053217926586115
2020-04-01,O3,High_Himal,131.50872631583522,118.39293594956811,3.934530004994481,9.18126036127262
2020-05-01,O3,High_Himal,124.0621486204014,118.03158963725211,2.752185051035064,3.2783739321142207
2020-06-01,O3,High_Himal,116.775246323216,117.64273945605349,0.8582864777350921,-1.7257796105725873
2020-07-01,O3,High_Himal,115.3941957711383,117.2779793750129,0.4915122141439221,-2.375295818018529
2020-08-01,O3,High_Himal,114.3053564341958,116.99236870543832,-1.5899027986138479,-1.0971094726286736
2020-09-01,O3,High_Himal,114.10891435046572,116.81295917355352,-3.14536696993797,0.4413221468501689
2020-10-01,O3,High_Himal,109.5478512684363,116.78285297971054,-5.955657493856848,-1.279344217417389
2020-11-01,O3,High_Himal,115.4228347021998,116.90858994016418,-9.977596486507304,8.491841248542926
2020-12-01,O3,High_Himal,113.7773409400818,117.13943482306681,-1.1244242961831181,-2.2376695868018857
2021-01-01,O3,High_Himal,110.25961032155332,117.41621417830474,1.3853607232434593,-8.541964579994882
2021-02-01,O3,High_Himal,123.998190542239,117.72490298814279,8.903042971357921,-2.6297554172617055
2021-03-01,O3,High_Himal,121.8383612501499,118.0832601689647,2.218795112448981,1.5363059687362153
2021-04-01,O3,High_Himal,125.9917188703459,118.48518649326994,4.808585855108763,2.6979465219672107
2021-05-01,O3,High_Himal,121.2949811015073,118.93404535592174,3.3476353002820955,-0.9866995546965285
2021-06-01,O3,High_Himal,119.4836044080613,119.43005705753033,1.2126020876008667,-1.1590547370699085
2021-07-01,O3,High_Himal,121.0454653340524,119.92484926275465,0.29070845084482216,0.8299076204529285
2021-08-01,O3,High_Himal,118.6618873338913,120.3466187959568,-1.6407058215464523,-0.044025640519052445
2021-09-01,O3,High_Himal,118.6713818794986,120.67024545809164,-2.9255976557483345,0.9267340771552881
2021-10-01,O3,High_Himal,114.5416465996224,120.91207381195917,-5.469462953574797,-0.9009642587619879
2021-11-01,O3,High_Himal,113.8817906589654,121.10686686429196,-9.46340422394488,2.2383280186183185
2021-12-01,O3,High_Himal,119.4784679347359,121.2737868187712,-2.834520999536549,1.0392021155012543
2022-01-01,O3,High_Himal,123.9351949818315,121.41860770905923,0.5003844755329035,2.016202797239373
2022-02-01,O3,High_Himal,129.9928464732363,121.52524492856604,8.238127901295355,0.2294736433749165
2022-03-01,O3,High_Himal,123.6171464138316,121.56566120431852,2.6676848881170114,-0.6161996786039197
2022-04-01,O3,High_Himal,126.4304736056826,121.5352587725441,5.677931004205513,-0.7827161710670225
2022-05-01,O3,High_Himal,124.2207769648934,121.4419716674413,3.9652293856453427,-1.1864240881932346
2022-06-01,O3,High_Himal,123.99709691221707,121.28992504575558,1.57234287144715,1.1348289950143453
2022-07-01,O3,High_Himal,122.3695146683459,121.09336128287245,0.1325855028679409,1.1435678826055096
2022-08-01,O3,High_Himal,120.1662270306146,120.89458711631518,-1.6398193994617167,0.9114593137611422
2022-09-01,O3,High_Himal,117.87135957701,120.72195529187657,-2.7017001066995183,-0.14889560816705227
2022-10-01,O3,High_Himal,116.0105324264037,120.57421995714535,-4.966559118669388,0.40287158792774846
2022-11-01,O3,High_Himal,110.8845488786068,120.43505072417967,-8.934987420491794,-0.6155144250810878
2022-12-01,O3,High_Himal,110.2901936110481,120.286607497203,-4.542700946869497,-5.453712939285396
2023-01-01,O3,High_Himal,110.6983681545154,120.14004846735811,-0.5536656555003016,-8.88801465734241
2023-02-01,O3,High_Himal,114.8417837595578,120.00860246674824,7.44868887346729,-12.615507580657734
2023-03-01,O3,High_Himal,121.5160029093378,119.8941657348751,3.1324500448656387,-1.5106128704029373
2023-04-01,O3,High_Himal,127.3686522863756,119.81691476288654,6.36208050603968,1.1896570174493917
2023-05-01,O3,High_Himal,123.8519881288808,119.80817658105839,4.6172081358990855,-0.573396588076676
2023-06-01,O3,High_Himal,121.6599155908734,119.91891712298134,2.097632164039746,-0.35663369614769636
2023-07-01,O3,High_Himal,119.27145361033,120.17966408407176,0.16391197729079485,-1.0721224510325555
2023-08-01,O3,High_Himal,116.8956526591374,120.5293534012071,-1.414973964175845,-2.2187267778938633
2023-09-01,O3,High_Himal,118.8530651721927,120.86914440680647,-2.5424410122072807,0.5263617775935074
2023-10-01,O3,High_Himal,117.8913438372936,121.13980443138367,-4.313483512542939,1.0650229184528825
2023-11-01,O3,High_Himal,118.9786405232985,121.31953194517168,-8.594408731035385,6.253517309162206
2023-12-01,O3,High_Himal,122.1837345386459,121.43137832918227,-6.263599600891563,7.01595581035518
2024-01-01,O3,High_Himal,128.9195642661147,121.51941379759128,-1.8772683742385705,9.277418842761989
2024-02-01,O3,High_Himal,131.2622509359469,121.62020636065452,6.598324277865468,3.0437202974269013
2024-03-01,O3,High_Himal,125.5485258404401,121.74446266229423,3.5840496263286448,0.2200135518172317
2024-04-01,O3,High_Himal,135.7537533178793,121.85757018067973,6.821367587294939,7.074815549904642
2024-05-01,O3,High_Himal,128.7483088619579,121.88250369905425,5.348222496356719,1.5175826665469145
2024-06-01,O3,High_Himal,124.7087953514115,121.77707269949124,2.7717104216051234,0.16001223031513234
2024-07-01,O3,High_Himal,119.599536716644,121.59718916517934,0.31082355788820254,-2.308476006423547
2024-08-01,O3,High_Himal,119.6296593734258,121.41947641188906,-1.0228344839211285,-0.7669825545421389
2024-09-01,O3,High_Himal,118.4797290830662,121.25744218150828,-2.4071699383752616,-0.3705431600668163
2024-10-01,O3,High_Himal,115.6938250302926,121.09500234493905,-3.6341975606110157,-1.7669797540354324
2024-11-01,O3,High_Himal,113.4714002027983,120.93319945618897,-8.310171556510912,0.848372303120243
2024-12-01,O3,High_Himal,115.0697246768219,120.78057653063594,-7.965610525568545,2.254758671754516
2025-01-01,O3,High_Himal,116.7200106304649,120.63822868262099,-3.279845729937243,-0.6383723222188564
2025-02-01,O3,High_Himal,126.83364728459688,120.51233901012989,5.760389819496229,0.5609184549707606
2025-03-01,O3,High_Himal,125.8999006708521,120.39738047280538,4.048218464664753,1.4543017333819677
2025-04-01,O3,High_Himal,127.62075368695992,120.27091822952148,7.231988339591831,0.11784711784659407
2025-05-01,O3,High_Himal,125.584112571702,120.12158289666485,6.117597637617594,-0.6550679625804463
2025-06-01,O3,High_Himal,122.17778357500028,119.95112025188,3.455038766015286,-1.2283754428950147
2025-07-01,O3,High_Himal,120.4648317716922,119.77364927509538,0.4557190282335384,0.23546346836329235
2025-08-01,O3,High_Himal,118.445052305645,119.6151648705254,-0.6100270959579966,-0.5600854689223951
2025-09-01,O3,High_Himal,116.961804247578,119.50843369143028,-2.2899564207951086,-0.256673023057175
2025-10-01,O3,High_Himal,117.1809800803219,119.4713912780127,-2.943164658954747,0.6527534612639414
2025-11-01,O3,High_Himal,110.4965469432744,119.629546965633,-8.059637367742571,-1.0733626546160338
2025-12-01,O3,High_Himal,108.7019773751386,119.83149574631345,-9.643871735202802,-1.4856466359720457
2026-01-01,O3,High_Himal,115.2474338708608,120.03907826524258,-4.7390165046281885,-0.05262788975359456
2026-02-01,O3,High_Himal,123.05350451241073,120.25008316616302,4.903245389189774,-2.0998240429420747
2026-03-01,O3,High_Himal,124.1975685348596,120.46589107695345,4.546057397949737,-0.8143799400435938
2026-04-01,O3,High_Himal,127.5964725641745,120.6886609515224,7.607982990578909,-0.7001713779267931
2026-05-01,O3,High_Himal,127.87421923878932,120.92065235102856,6.915668237231931,0.03789865052883101
2026-06-01,O3,High_Himal,125.965867639449,121.16398028413138,4.1460639353866355,0.6558234199309823
2026-07-01,O3,High_Himal,122.9611724366326,121.4201740733665,0.6353487247367247,0.9056496385293684
2026-08-01,O3,High_Himal,122.9462087512331,121.68980688812331,-0.1500492245388401,1.4064510876486338
2019-01-01,O3,High_Mountains,114.0792521053682,116.13508711645274,4.25510007684756,-6.310935087932094
2019-02-01,O3,High_Mountains,111.2266331019397,116.67325094475672,10.439539887501624,-15.886157730318644
2019-03-01,O3,High_Mountains,117.9033439542966,117.19298632906194,0.9424300344291574,-0.2320724091944868
2019-04-01,O3,High_Mountains,119.5690616984685,117.69413815760065,2.9507644452832342,-1.0758409044153865
2019-05-01,O3,High_Mountains,119.82400683474488,118.17665021303627,2.0523245937763894,-0.4049679720677801
2019-06-01,O3,High_Mountains,121.90405626540228,118.64119061296189,0.6019945726643612,2.6608710797760153
2019-07-01,O3,High_Mountains,120.8726485853311,119.08773647868993,0.49417966579879424,1.2907324408423761
2019-08-01,O3,High_Mountains,119.10327042662168,119.51217120747923,-1.8202486867839933,1.4113479059264478
2019-09-01,O3,High_Mountains,115.84301924022,119.90360834584176,-3.4610143964333875,-0.5995747091883743
2019-10-01,O3,High_Mountains,115.6451049885062,120.24094942538196,-6.573370728964302,1.9775262920885552
2019-11-01,O3,High_Mountains,109.1039268261906,120.49177134937236,-10.669458396446599,-0.7183861267351546
2019-12-01,O3,High_Mountains,122.4038210895648,120.35236900409404,0.7050022814799559,1.346449803990808
2020-01-01,O3,High_Mountains,124.4774477310643,120.11126111096203,3.183399908440548,1.18278671166172
2020-02-01,O3,High_Mountains,131.1593252336776,119.82764273664934,9.714023890406771,1.6176586066215037
2020-03-01,O3,High_Mountains,129.1272685909804,119.52163798921744,1.4500270803122774,8.155603521450686
2020-04-01,O3,High_Mountains,132.3884308306969,119.19304091060043,3.9181171296033273,9.277272790493143
2020-05-01,O3,High_Mountains,125.1338697216936,118.82940415409027,2.7142904187760797,3.5901751488272566
2020-06-01,O3,High_Mountains,117.8683038467341,118.44320361303893,0.9599947909200267,-1.5348945572248596
2020-07-01,O3,High_Mountains,116.1214380498432,118.09542988059177,0.3055901571110802,-2.2795819878596433
2020-08-01,O3,High_Mountains,114.9667978949012,117.84273247499019,-1.878112030532933,-0.997822549556048
2020-09-01,O3,High_Mountains,115.0694710655273,117.70292685559416,-3.229644001303097,0.5961882112362389
2020-10-01,O3,High_Mountains,110.2473487610255,117.7070839517232,-6.079691687816627,-1.3800435028810796
2020-11-01,O3,High_Mountains,116.0517368808205,117.86023979716407,-10.132181297555638,8.323678381212062
2020-12-01,O3,High_Mountains,114.1876681711015,118.11440449233302,-0.9849421661965072,-2.941794155035012
2021-01-01,O3,High_Mountains,110.8606093481941,118.40789428494622,2.0497916583564377,-9.597076595108561
2021-02-01,O3,High_Mountains,124.979774643016,118.72538799894092,9.003174934741818,-2.748788290666738
2021-03-01,O3,High_Mountains,122.6111661005293,119.08670091938612,1.9758190005087646,1.548646180634421
2021-04-01,O3,High_Mountains,127.2843790971081,119.49025871659244,4.839269286158846,2.954851094356812
2021-05-01,O3,High_Mountains,122.638017850781,119.94137840537802,3.4127872963151784,-0.7161478509121935
2021-06-01,O3,High_Mountains,120.7583938291586,120.44074046362958,1.3304109404306383,-1.0127575749016131
2021-07-01,O3,High_Mountains,121.9290826085124,120.93363088041752,0.12870611039621138,0.866745617698669
2021-08-01,O3,High_Mountains,119.4745953538028,121.34443300087382,-1.9016293560140722,0.031791708943046615
2021-09-01,O3,High_Mountains,119.5304802151067,121.65338011216468,-3.0064946891421043,0.883594792084125
2021-10-01,O3,High_Mountains,115.34348149260788,121.88054143724872,-5.576287903647091,-0.9607720409937599
2021-11-01,O3,High_Mountains,114.7265867254169,122.06272062985163,-9.620286821496912,2.2841529170621726
2021-12-01,O3,High_Mountains,120.5628769557368,122.219238246467,-2.7002910831652804,1.0439297924350797
2022-01-01,O3,High_Mountains,124.7215181915291,122.35664865771189,0.90678693870053,1.4580825951166787
2022-02-01,O3,High_Mountains,130.81380647855858,122.46147652180949,8.246616098834195,0.10571385791489263
2022-03-01,O3,High_Mountains,124.6298535517271,122.50830127832911,2.5371865738881323,-0.4156343004901544
2022-04-01,O3,High_Mountains,127.4200931255437,122.49565612592342,5.758129076027358,-0.8336920764070754
2022-05-01,O3,High_Mountains,125.4117945365728,122.43247486424836,4.129116667073434,-1.1497969947489963
2022-06-01,O3,High_Mountains,125.0810824726128,122.32224273651713,1.7099371186304935,1.0489026174651883
2022-07-01,O3,High_Mountains,123.2569999161278,122.17070656466571,-0.00690703950393242,1.0932003909660182
2022-08-01,O3,High_Mountains,120.9521557315288,122.00604741850833,-1.8746627297472402,0.8207710427677171
2022-09-01,O3,High_Mountains,118.7405758935424,121.84896358555403,-2.7774634442869393,-0.3309242477246954
2022-10-01,O3,High_Mountains,117.2074843405347,121.70254723248641,-5.055980831330419,0.5609179393787116
2022-11-01,O3,High_Mountains,111.8929329428812,121.55885213411968,-9.09196912260178,-0.573950068636691
2022-12-01,O3,High_Mountains,111.032466319222,121.40607899473375,-4.4281304481294,-5.945482227382357
2023-01-01,O3,High_Mountains,111.4887920136806,121.25709312956113,-0.3632241303118737,-9.405076985568655
2023-02-01,O3,High_Mountains,115.6147181382579,121.12120499146545,7.387686636769882,-12.894173489977433
2023-03-01,O3,High_Mountains,122.36232699799773,120.995875460173,3.0910544952626093,-1.724602957437881
2023-04-01,O3,High_Mountains,128.57792809767022,120.89732087566023,6.49183514303058,1.1887720789794116
2023-05-01,O3,High_Mountains,125.21936907634328,120.85314934565213,4.848559064832888,-0.48233933414172725
2023-06-01,O3,High_Mountains,122.6834020238783,120.9157465019746,2.251752419036165,-0.48409689713245996
2023-07-01,O3,High_Mountains,120.1111157728636,121.13688108381115,0.036792912388999566,-1.062558223336552
2023-08-01,O3,High_Mountains,117.6773245776474,121.47176163388404,-1.6324423857332588,-2.1619946705033897
2023-09-01,O3,High_Mountains,119.735968710231,121.8130403201865,-2.6069145939857843,0.5298429840302816
2023-10-01,O3,High_Mountains,118.5695060097272,122.08769436028128,-4.376035521671593,0.8578471711175268
2023-11-01,O3,High_Mountains,119.6858952731558,122.26734131155897,-8.741044416060923,6.159598377657744
2023-12-01,O3,High_Mountains,122.9044404536004,122.37365394107657,-6.205448319245539,6.73623483176938
2024-01-01,O3,High_Mountains,129.1979212935852,122.45310033428186,-1.8182288536396405,8.563049812943007
2024-02-01,O3,High_Mountains,132.1838760866981,122.54667598238925,6.493878599983995,3.1433215043248453
2024-03-01,O3,High_Mountains,126.7383398397512,122.66811033742067,3.5995417842272115,0.47068771810332066
2024-04-01,O3,High_Mountains,136.61584818134222,122.78471696771223,6.993965257775938,6.837165955854061
2024-05-01,O3,High_Mountains,130.0583515211238,122.81957657660072,5.612985290263796,1.625789654259279
2024-06-01,O3,High_Mountains,125.77070834235349,122.72066338576322,2.9403646759544264,0.10968028063584256
2024-07-01,O3,High_Mountains,120.419162301339,122.53159776006574,0.1888918008423102,-2.3013272595690495
2024-08-01,O3,High_Mountains,120.3211489727495,122.33428310874164,-1.2289455156667601,-0.7841886203253807
2024-09-01,O3,High_Mountains,119.303674850801,122.15373876138425,-2.4568663003027966,-0.39319761028045264
2024-10-01,O3,High_Mountains,116.5234647622211,121.97734553970231,-3.6678391978046907,-1.786041579676521
2024-11-01,O3,High_Mountains,114.1503853044744,121.80603947831277,-8.444443071814442,0.788788897976076
2024-12-01,O3,High_Mountains,115.7856699396596,121.64836849413513,-7.966117298023946,2.103418743548417
2025-01-01,O3,High_Mountains,117.5998772681973,121.50580966973386,-3.3319686043784604,-0.5739637971581004
2025-02-01,O3,High_Mountains,127.3558198352558,121.38309291259118,5.615703092174996,0.3570238304896236
2025-03-01,O3,High_Mountains,126.8111371344876,121.27406988605078,4.114946624558804,1.4221206238780155
2025-04-01,O3,High_Mountains,128.7464889428863,121.15521335669041,7.446217079649059,0.1450585065468175
2025-05-01,O3,High_Mountains,126.8462191201152,121.01552485283443,6.409090384114678,-0.5783961168339147
2025-06-01,O3,High_Mountains,123.2827214231018,120.85772513022303,3.6392846669983006,-1.2142883741195334
2025-07-01,O3,High_Mountains,121.2558040981661,120.69405236127479,0.3382734080704285,0.2234783288208746
2025-08-01,O3,High_Mountains,119.16965562944988,120.54745384853601,-0.8061712853696248,-0.5716269337165016
2025-09-01,O3,High_Mountains,117.9473480197001,120.44781622310369,-2.3216663620273765,-0.17880184137621313
2025-10-01,O3,High_Mountains,118.1702200448197,120.4128793475327,-2.9471540206987292,0.7044947179857388
2025-11-01,O3,High_Mountains,111.4119984241397,120.56230466329943,-8.179930477310158,-0.9703757618495814
2025-12-01,O3,High_Mountains,109.3597472022668,120.75607238192131,-9.71658871830437,-1.6797364613501458
2026-01-01,O3,High_Mountains,116.0934306165458,120.9560100145133,-4.8839271713120285,0.021347773344530196
2026-02-01,O3,High_Mountains,124.1739972545903,121.15941008105203,4.722661283664614,-1.7080741101263328
2026-03-01,O3,High_Mountains,125.0834455932591,121.3673427298312,4.657117308166169,-0.9410144447382578
2026-04-01,O3,High_Mountains,128.7310167033413,121.58171304709437,7.86281810608524,-0.7135144498382999
2026-05-01,O3,High_Mountains,128.8971369999036,121.804697640328,7.226334411535975,-0.13389505196036566
2026-06-01,O3,High_Mountains,127.1257443405558,122.03843400750868,4.349039421204877,0.7382709118422355
2026-07-01,O3,High_Mountains,123.6877417466051,122.28458022980618,0.5211255209548589,0.8820359958440633
2026-08-01,O3,High_Mountains,123.631567581134,122.54380556325833,-0.3374600755592795,1.4252220934349396
2019-01-01,O3,Middle_Mountains,113.6907921807057,119.9050304437672,5.249702624218459,-11.46394088727996
2019-02-01,O3,Middle_Mountains,111.4173108238701,120.11198217057064,10.464127984104454,-19.158799330804996
2019-03-01,O3,Middle_Mountains,118.75234259915948,120.30649205438063,-0.5823497086004474,-0.9717997466207038
2019-04-01,O3,Middle_Mountains,121.9378863891999,120.48667984877848,2.768611443397625,-1.3174049029762074
2019-05-01,O3,Middle_Mountains,121.6801225144295,120.65206011202204,1.437725800586077,-0.40966339817862263
2019-06-01,O3,Middle_Mountains,124.1459111906841,120.80404779941387,1.5843480684334574,1.757515322836781
2019-07-01,O3,Middle_Mountains,122.4341286999304,120.94458791168326,0.5060407717301852,0.9835000165169561
2019-08-01,O3,Middle_Mountains,120.6787320337322,121.07352506836203,-1.5267965956191691,1.1320035609893466
2019-09-01,O3,Middle_Mountains,117.21691900958608,121.1868439343934,-3.1145367732355878,-0.8553881515717308
2019-10-01,O3,Middle_Mountains,117.2997844883168,121.27329851073762,-6.061114468723186,2.0876004463023747
2019-11-01,O3,Middle_Mountains,110.16801384826952,121.30780968836007,-10.450348320839877,-0.6894475192506633
2019-12-01,O3,Middle_Mountains,122.12162717187432,121.07698214450744,-0.3286169314677984,1.373261958834675
2020-01-01,O3,Middle_Mountains,124.20913724826153,120.79930334448512,3.7180928110456266,-0.3082589072692201
2020-02-01,O3,Middle_Mountains,131.4643691859094,120.5117536188314,9.535422657444128,1.4171929096338545
2020-03-01,O3,Middle_Mountains,131.1109770615189,120.2181219052341,0.32640832400482844,10.566446832279965
2020-04-01,O3,Middle_Mountains,133.6458927679865,119.91609104834934,3.8720968819599215,9.857704837677247
2020-05-01,O3,Middle_Mountains,126.8926968421564,119.59848722264564,2.42762884842735,4.866580771083406
2020-06-01,O3,Middle_Mountains,120.3205674221004,119.2812534670554,1.9450920367851048,-0.9057780817400953
2020-07-01,O3,Middle_Mountains,117.6510184698049,119.02220862629012,0.35085006954037684,-1.722040226025598
2020-08-01,O3,Middle_Mountains,116.3897559911395,118.8709924456262,-1.6036543704521542,-0.8775820840345574
2020-09-01,O3,Middle_Mountains,116.9156551883724,118.84043503501465,-2.906852899360992,0.9820730527187465
2020-10-01,O3,Middle_Mountains,111.8200074323721,118.95450731677354,-5.649162045466943,-1.4853378389345124
2020-11-01,O3,Middle_Mountains,117.5300569167188,119.2141346631166,-10.073023899637773,8.388946153239985
2020-12-01,O3,Middle_Mountains,115.0585654920912,119.56047101272026,-1.961469082547365,-2.5404364380816844
2021-01-01,O3,Middle_Mountains,111.2683107763399,119.9238753913418,2.153355710580042,-10.808920325581937
2021-02-01,O3,Middle_Mountains,126.196811868589,120.28802667723434,8.625436126729403,-2.7166509353747443
2021-03-01,O3,Middle_Mountains,123.740336021739,120.67106564990648,1.2214193646007099,1.8478510072318102
2021-04-01,O3,Middle_Mountains,128.8770495364442,121.08806375127561,4.915337498611329,2.8736482865572412
2021-05-01,O3,Middle_Mountains,125.1489733594022,121.54624248890332,3.430117623687607,0.17261324681128087
2021-06-01,O3,Middle_Mountains,122.8976439637234,122.03959859725511,2.325436666279064,-1.467391299810771
2021-07-01,O3,Middle_Mountains,123.5040906533554,122.52014651669646,0.21225164492918697,0.7716924917297661
2021-08-01,O3,Middle_Mountains,121.1621422402937,122.92873278293855,-1.6513229138626209,-0.11526762878223451
2021-09-01,O3,Middle_Mountains,121.1092845128028,123.25494369905496,-2.7030498119047204,0.5573906256525589
2021-10-01,O3,Middle_Mountains,117.50093130267872,123.51186570042374,-5.217938046261208,-0.7929963514838079
2021-11-01,O3,Middle_Mountains,116.2132838248488,123.72612785629305,-9.714380838120178,2.201536806675932
2021-12-01,O3,Middle_Mountains,120.662203646861,123.91147219615992,-3.6109817402579143,0.36171319095899435
2022-01-01,O3,Middle_Mountains,125.4207708712089,124.07071983891917,0.5731007460209702,0.7769502862687574
2022-02-01,O3,Middle_Mountains,131.9194766363314,124.18804007837768,7.678728549436776,0.05270800851695867
2022-03-01,O3,Middle_Mountains,127.113535404556,124.24233272600853,2.1443877564187015,0.7268149221287814
2022-04-01,O3,Middle_Mountains,129.8425358360399,124.23539786703495,5.94458369336197,-0.3374457243570248
2022-05-01,O3,Middle_Mountains,128.1719907004662,124.17517968894288,4.44189228469305,-0.4450812731697198
2022-06-01,O3,Middle_Mountains,127.8011510501094,124.05934842483336,2.716408987215932,1.025393638060109
2022-07-01,O3,Middle_Mountains,124.8862913942004,123.8881018058702,0.11558794678778847,0.8826016415424078
2022-08-01,O3,Middle_Mountains,122.8584752423525,123.69268010419975,-1.6593744996260762,0.8251696377788278
2022-09-01,O3,Middle_Mountains,120.4639699008075,123.50098295286728,-2.496411190851728,-0.5406018612080459
2022-10-01,O3,Middle_Mountains,118.64023100639272,123.31687259807555,-4.762032257151505,0.08539066546867957
2022-11-01,O3,Middle_Mountains,113.02741016300853,123.1309568009882,-9.339134965267132,-0.7644116727125407
2022-12-01,O3,Middle_Mountains,111.6304263590773,122.9395923925104,-5.274113809928296,-6.035052223504806
2023-01-01,O3,Middle_Mountains,112.6217645690738,122.76492237172215,-1.0108606647372411,-9.13229713791111
2023-02-01,O3,Middle_Mountains,116.1834248476972,122.61500529823773,6.664468817020457,-13.096049267561
2023-03-01,O3,Middle_Mountains,124.0145493469262,122.48534773929528,2.979650485737984,-1.4504488781070535
2023-04-01,O3,Middle_Mountains,130.2806265127185,122.38862428765665,6.739359666889027,1.1526425581728148
2023-05-01,O3,Middle_Mountains,127.106515046451,122.34886480832436,5.413307930589488,-0.655657692462853
2023-06-01,O3,Middle_Mountains,125.11588096882332,122.40929882754554,3.27019145812239,-0.5636093168446052
2023-07-01,O3,Middle_Mountains,121.7905739429854,122.60325175203059,0.19822912424744019,-1.0109069332926168
2023-08-01,O3,Middle_Mountains,119.5921935665644,122.88802388019171,-1.491103639283865,-1.804726674343442
2023-09-01,O3,Middle_Mountains,121.6302620011501,123.1837192752817,-2.3517733403564534,0.7983160662248565
2023-10-01,O3,Middle_Mountains,120.1874859858566,123.43411499143443,-4.117556954403199,0.8709279488253685
2023-11-01,O3,Middle_Mountains,120.8170483423417,123.6088777223904,-9.11944095534008,6.327611575291385
2023-12-01,O3,Middle_Mountains,123.0261753569262,123.71930403548812,-6.95121964526176,6.258090966699839
2024-01-01,O3,Middle_Mountains,129.1794749901374,123.80168199550795,-2.612480848158329,7.990273842787786
2024-02-01,O3,Middle_Mountains,131.68281272917508,123.88986420550717,5.643251285817072,2.1496972378508445
2024-03-01,O3,Middle_Mountains,127.82761782832011,123.99451113890446,3.6408029597751534,0.1923037296404999
2024-04-01,O3,Middle_Mountains,137.8708858324936,124.08626797890533,7.2405865674971155,6.544031286091169
2024-05-01,O3,Middle_Mountains,132.1909330406446,124.10333182539244,6.358078165819308,1.7295230494328564
2024-06-01,O3,Middle_Mountains,128.19586997702731,124.01631228350429,3.9876515162058137,0.1919061773172075
2024-07-01,O3,Middle_Mountains,121.8616771527124,123.87092596453792,0.39759349032688374,-2.4068423021523984
2024-08-01,O3,Middle_Mountains,121.94035654852188,123.72162779085328,-1.1864342002040462,-0.5948370421273523
2024-09-01,O3,Middle_Mountains,120.9327322648686,123.58105264855091,-2.2159613261899906,-0.4323590574923202
2024-10-01,O3,Middle_Mountains,118.13571522035012,123.43738994858671,-3.429492347838358,-1.872182380398229
2024-11-01,O3,Middle_Mountains,115.3794684084711,123.29262131475362,-8.938419707578316,1.0252668012957997
2024-12-01,O3,Middle_Mountains,116.44492315496387,123.15704364812188,-8.599176548104133,1.8870560549461288
2025-01-01,O3,Middle_Mountains,118.416460542394,123.03416691339031,-4.2360899424746075,-0.38161642852169564
2025-02-01,O3,Middle_Mountains,127.7078850883641,122.93094466235765,4.639327888720803,0.13761253728564782
2025-03-01,O3,Middle_Mountains,128.1805882574964,122.84051517093575,4.2722504060539785,1.0678226805066657
2025-04-01,O3,Middle_Mountains,130.87285989982232,122.73920221270161,7.680585964016225,0.45307172310447186
2025-05-01,O3,Middle_Mountains,129.5183848715939,122.61679798098461,7.314750114944104,-0.41316322433482355
2025-06-01,O3,Middle_Mountains,125.6014933439941,122.47730955038892,4.721873599328811,-1.5976898057236468
2025-07-01,O3,Middle_Mountains,123.0443122885237,122.33082871776647,0.5971854335382822,0.11629813721894777
2025-08-01,O3,Middle_Mountains,120.9863589841952,122.19564190700794,-0.862917581178802,-0.34636534163392696
2025-09-01,O3,Middle_Mountains,119.8472757129701,122.09832767808598,-2.090840660817935,-0.1602113042979454
2025-10-01,O3,Middle_Mountains,120.237843533951,122.05725397891102,-2.718975131339264,0.8995646863792359
2025-11-01,O3,Middle_Mountains,112.42726293496207,122.18126483578268,-8.778829775435682,-0.9751721253849297
2025-12-01,O3,Middle_Mountains,110.6323318667323,122.34818758095605,-10.23030998576095,-1.485545728462796
2026-01-01,O3,Middle_Mountains,116.6650688552762,122.52064429454632,-5.874323577760616,0.01874813849050838
2026-02-01,O3,Middle_Mountains,125.0817733875823,122.69569390086284,3.625095161528467,-1.2390156748089964
2026-03-01,O3,Middle_Mountains,126.94850361013047,122.87424009983607,4.9019658278375955,-0.8277023175431992
2026-04-01,O3,Middle_Mountains,130.10131620792708,123.05794318610916,8.073666368780339,-1.0302933469624094
2026-05-01,O3,Middle_Mountains,131.13710502002928,123.24879632544958,8.274882773425697,-0.3865740788459959
2026-06-01,O3,Middle_Mountains,129.9892091087373,123.44899918199324,5.472205776566005,1.068004150178055
2026-07-01,O3,Middle_Mountains,125.5381138688688,123.66040085197929,0.83229116837067,1.045421848518842
2026-08-01,O3,Middle_Mountains,124.3909521985979,123.88365695754935,-0.5006940173747174,1.0079892584232653
2019-01-01,O3,Siwalik,114.0859944618704,119.63617391651218,3.726668246071399,-9.276847700713176
2019-02-01,O3,Siwalik,112.147404612429,119.98235210489852,9.394815525021375,-17.229763017490896
2019-03-01,O3,Siwalik,119.6445284884874,120.31604848069004,0.16327726768336065,-0.8347972598860025
2019-04-01,O3,Siwalik,123.7866699655932,120.63514959732942,4.186949605930668,-1.0354292376668752
2019-05-01,O3,Siwalik,123.4633558226898,120.93876794607695,3.141539609695925,-0.61695173308307
2019-06-01,O3,Siwalik,126.0983681045289,121.22788206745156,1.0641953153458736,3.8062907217314716
2019-07-01,O3,Siwalik,123.6611372799903,121.50477327033724,0.8403960783940978,1.3159679312589674
2019-08-01,O3,Siwalik,122.17294749981028,121.77128809176449,-1.3331684050255366,1.7348278130713197
2019-09-01,O3,Siwalik,118.2970886796465,122.02697723575272,-3.058423610960002,-0.6714649451462122
2019-10-01,O3,Siwalik,118.7116926514467,122.26665201234074,-5.9921429099912356,2.4371835490971847
2019-11-01,O3,Siwalik,111.38194228547393,122.47434137198157,-10.496588106006321,-0.5958109805013265
2019-12-01,O3,Siwalik,122.0901482812897,122.4136441545884,-1.59746860290142,1.2739727296027183
2020-01-01,O3,Siwalik,124.202818383279,122.25492229702004,2.397497017481898,-0.4496009312229461
2020-02-01,O3,Siwalik,131.6330752777824,122.0351048674672,8.513155839540115,1.0848145707750945
2020-03-01,O3,Siwalik,132.332514460478,121.78492807367323,0.9208234228304809,9.626762963974272
2020-04-01,O3,Siwalik,134.71646329975408,121.52538426830158,5.012058901212117,8.179020130240374
2020-05-01,O3,Siwalik,128.6934810813343,121.25725665342229,3.8957491806664986,3.5404752472455243
2020-06-01,O3,Siwalik,122.3971411571678,120.99995878727192,1.716267160932178,-0.3190847910363033
2020-07-01,O3,Siwalik,119.2248108026042,120.79982340404065,0.6201385740148617,-2.195151175451315
2020-08-01,O3,Siwalik,117.810766057597,120.68538650515079,-1.4378775573518638,-1.436742890201927
2020-09-01,O3,Siwalik,118.50316662727153,120.64189102633459,-2.8367351578187163,0.6980107587556574
2020-10-01,O3,Siwalik,113.43087349951873,120.68647144311215,-5.537637991255849,-1.71795995233758
2020-11-01,O3,Siwalik,118.7764533360629,120.83763312916926,-10.122130081654431,8.06095028854807
2020-12-01,O3,Siwalik,116.1771308638451,121.0748997760881,-3.055298167610994,-1.8424707446320099
2021-01-01,O3,Siwalik,112.0619759926438,121.35319535769644,1.0181755580549814,-10.309394923107618
2021-02-01,O3,Siwalik,127.5610195096549,121.66595860894601,7.6404269465655394,-1.745366045856656
2021-03-01,O3,Siwalik,124.8844012035815,122.03362651387174,1.6649308127329099,1.185843876976861
2021-04-01,O3,Siwalik,130.0777381460705,122.45301885879358,5.791029087719944,1.8336901995569548
2021-05-01,O3,Siwalik,127.1160262880173,122.91192278102332,4.681603782652603,-0.4775002756586275
2021-06-01,O3,Siwalik,124.6597412013251,123.40256538974724,2.368735481113124,-1.1115596695352536
2021-07-01,O3,Siwalik,124.9317155359016,123.89173325347022,0.42195213074314875,0.6180301516882309
2021-08-01,O3,Siwalik,122.6818250812666,124.32810545670033,-1.5141607250723854,-0.13211965036134643
2021-09-01,O3,Siwalik,122.5985884175433,124.69493194621728,-2.623450670322775,0.5271071416487985
2021-10-01,O3,Siwalik,119.5357508002062,125.00061702382109,-5.064169222239986,-0.40069700137490827
2021-11-01,O3,Siwalik,117.7772336862313,125.26121599151729,-9.761572122092312,2.2775898168063264
2021-12-01,O3,Siwalik,121.2355883376071,125.48271675847124,-4.524823987482955,0.2776955666188172
2022-01-01,O3,Siwalik,126.3658267946047,125.66194282605099,-0.3867357895782129,1.090619758131922
2022-02-01,O3,Siwalik,132.7805919426126,125.78203722513577,6.737440294952751,0.2611144225240878
2022-03-01,O3,Siwalik,129.2962315014081,125.82505389155436,2.431345028510159,1.0398325813435747
2022-04-01,O3,Siwalik,131.9982378012929,125.79579655879455,6.554425395031112,-0.35198415253276494
2022-05-01,O3,Siwalik,130.64394876143427,125.70023185455779,5.485974436455899,-0.5422575295794161
2022-06-01,O3,Siwalik,130.05948137113342,125.53648662014925,3.020755579870697,1.502239171113473
2022-07-01,O3,Siwalik,126.24408431582098,125.31278028316943,0.267064189493979,0.6642398431575742
2022-08-01,O3,Siwalik,124.3192395744196,125.06968211886525,-1.5547840118013954,0.804341467355755
2022-09-01,O3,Siwalik,122.0427722189049,124.83774035710417,-2.412654727883988,-0.38231341031527677
2022-10-01,O3,Siwalik,119.8282205223801,124.62210669986979,-4.565552337772738,-0.22833383971695298
2022-11-01,O3,Siwalik,114.0849773626098,124.41318863996169,-9.384199233467369,-0.9440120438845128
2022-12-01,O3,Siwalik,112.40314941777967,124.20640202880968,-6.006384926246341,-5.796867684783663
2023-01-01,O3,Siwalik,113.779749718831,124.02247438925322,-1.8237259064262914,-8.41899876399593
2023-02-01,O3,Siwalik,117.1467497165365,123.86780419365304,5.773669127799104,-12.494723604915649
2023-03-01,O3,Siwalik,125.6291019643063,123.7390020706959,3.1346987716028534,-1.244598877992459
2023-04-01,O3,Siwalik,131.6313133817116,123.65038592407065,7.115908258513684,0.8650191991272749
2023-05-01,O3,Siwalik,128.8343111732136,123.62540699121429,6.272439039979502,-1.0635348579802013
2023-06-01,O3,Siwalik,127.13109248555702,123.70497789777221,3.7722230453979804,-0.34610845761316966
2023-07-01,O3,Siwalik,123.378386383435,123.90615510702908,0.3087675963318672,-0.8365363199259406
2023-08-01,O3,Siwalik,121.1392328343817,124.17555687052112,-1.4164484752298225,-1.6198755609095912
2023-09-01,O3,Siwalik,123.1806756110046,124.44711680808149,-2.271962011333094,1.0055208142562009
2023-10-01,O3,Siwalik,121.8407051467193,124.68161321574026,-3.8853044314930782,1.0443963624721277
2023-11-01,O3,Siwalik,122.0885137040222,124.85422795847957,-9.159537053036962,6.393822798579592
2023-12-01,O3,Siwalik,123.49820207926128,124.97204924547303,-7.508635864643592,6.034788698431825
2024-01-01,O3,Siwalik,129.94972455545482,125.06208987515126,-3.318456360422128,8.206091040725681
2024-02-01,O3,Siwalik,131.46957834584842,125.1492230518094,4.789254209981918,1.5311010840570987
2024-03-01,O3,Siwalik,128.96416046981142,125.24179123448442,3.7027918236921016,0.019577411634898567
2024-04-01,O3,Siwalik,138.7766555582245,125.31593910435313,7.449745908196277,6.010970545675065
2024-05-01,O3,Siwalik,133.9813287481233,125.32028086306093,7.064623557370493,1.596424327691878
2024-06-01,O3,Siwalik,130.1586223539876,125.2430722920554,4.616859581841169,0.2986904800910253
2024-07-01,O3,Siwalik,123.1284187721815,125.13543607159264,0.4895281847272406,-2.496545484138366
2024-08-01,O3,Siwalik,123.4185675684686,125.03266543797176,-1.1376369736749303,-0.47646089582822526
2024-09-01,O3,Siwalik,122.3063986974545,124.93505149179943,-2.1453688273349294,-0.48328396700999576
2024-10-01,O3,Siwalik,119.8141803910068,124.82937315983948,-3.1659204329330732,-1.8492723358995988
2024-11-01,O3,Siwalik,116.897077568029,124.7170550223687,-8.974319459927116,1.1543420055874236
2024-12-01,O3,Siwalik,117.3822825831355,124.60798532637459,-8.987639792666567,1.7619370494274875
2025-01-01,O3,Siwalik,119.4896715244118,124.50640749390841,-4.847930089378061,-0.16880588011854059
2025-02-01,O3,Siwalik,128.36343330031642,124.42052640431396,3.8119939859444556,0.13091291005800088
2025-03-01,O3,Siwalik,129.2326404230936,124.34382187738555,4.241949646358547,0.6468688993495135
2025-04-01,O3,Siwalik,132.6754095815435,124.25374010801512,7.740808599653529,0.680860873874849
2025-05-01,O3,Siwalik,131.9386303930319,124.14075305132005,7.882626540865985,-0.08474919915413182
2025-06-01,O3,Siwalik,127.3571695105746,124.0104733976952,5.4601956820988695,-2.1134995692194707
2025-07-01,O3,Siwalik,124.6275936887669,123.87452550336462,0.675160151898721,0.07790803350354736
2025-08-01,O3,Siwalik,122.6590535856924,123.75079134778132,-0.8388687219922197,-0.252869040096698
2025-09-01,O3,Siwalik,121.381349716266,123.66432675999151,-2.034241908579564,-0.24873513514594947
2025-10-01,O3,Siwalik,122.0579296552629,123.63147126215439,-2.4257887653474204,0.8522471584559241
2025-11-01,O3,Siwalik,113.9711204586018,123.75711593540136,-8.80696625543209,-0.979029221367469
2025-12-01,O3,Siwalik,112.1034214940239,123.92209308229867,-10.450605109560833,-1.368066478713942
2026-01-01,O3,Siwalik,117.5001846051418,124.09260930489151,-6.4028911431083,-0.18953355664140759
2026-02-01,O3,Siwalik,126.03536590923989,124.26620693511714,2.82377425479699,-1.0546152806742413
2026-03-01,O3,Siwalik,128.75481016198282,124.44385896930334,4.778940620411089,-0.46798942773160945
2026-04-01,O3,Siwalik,131.5378149409874,124.62705686178255,7.99957903855705,-1.0888209593521907
2026-05-01,O3,Siwalik,133.1759089572634,124.81743123298291,8.720431344761995,-0.3619536204815006
2026-06-01,O3,Siwalik,132.3001826858541,125.01686789658606,6.301017515053143,0.9822972742149005
2026-07-01,O3,Siwalik,127.21281085579233,125.22696493880044,0.8985032311830997,1.0873426858087925
2026-08-01,O3,Siwalik,125.7534643700976,125.4482144727215,-0.504490808534339,0.8097407059104427
2019-01-01,O3,Terai,113.75492129131688,121.4999715764302,2.8391975569344265,-10.584247842047745
2019-02-01,O3,Terai,112.7171944808016,121.72969645315801,9.159749338467925,-18.172251310824336
2019-03-01,O3,Terai,120.1580917047171,121.9473905282081,-0.7126915442015846,-1.0766072792894192
2019-04-01,O3,Terai,125.38285780614238,122.15132653851293,3.9827183113833335,-0.7511870437538875
2019-05-01,O3,Terai,124.3704136531036,122.34123595191073,2.9444025760448693,-0.9152248748520009
2019-06-01,O3,Terai,127.27345841075348,122.51848255133964,2.5128155068567626,2.2421603525570646
2019-07-01,O3,Terai,124.5470786988248,122.68562379972991,0.7388611451392624,1.122593753955627
2019-08-01,O3,Terai,123.2170340564789,122.8438380431885,-1.1305284950052235,1.503724508295619
2019-09-01,O3,Terai,119.12377317572007,122.99125578072086,-2.955596881126115,-0.9118857238746756
2019-10-01,O3,Terai,119.9286984201291,123.12023653537562,-5.410973697751001,2.219435582504474
2019-11-01,O3,Terai,112.9481177985112,123.21206473262548,-9.715479748225473,-0.5484671858887964
2019-12-01,O3,Terai,121.7266562225594,123.08129708629613,-2.2852323964365753,0.930591532699836
2020-01-01,O3,Terai,124.0633284157564,122.89145615163193,1.578011070537468,-0.40613880641299716
2020-02-01,O3,Terai,131.69491582120742,122.66956553457175,8.137191149707885,0.8881591369277828
2020-03-01,O3,Terai,133.4223235304386,122.4319792898612,0.2325808247445649,10.75776341583284
2020-04-01,O3,Terai,135.4327455367193,122.19665217165955,4.843660753948543,8.392432611111204
2020-05-01,O3,Terai,129.6124269900191,121.96523657559938,3.8745389967558435,3.772651417663866
2020-06-01,O3,Terai,123.8650690469216,121.75500935416176,2.9043322848635365,-0.7942725921036953
2020-07-01,O3,Terai,120.4686438003591,121.60024359249495,0.5533737890289339,-1.6849735811647832
2020-08-01,O3,Terai,119.112885270379,121.52075006263664,-1.2558686366236849,-1.1519961556339524
2020-09-01,O3,Terai,119.68469280107968,121.50651439837655,-2.704009871314299,0.8821882740174232
2020-10-01,O3,Terai,114.7488215532974,121.58160298413746,-5.026529080235229,-1.8062523506048223
2020-11-01,O3,Terai,119.9828905500932,121.76640309907653,-9.48662283723092,7.703110288247601
2020-12-01,O3,Terai,117.2038210163496,122.03480950197434,-3.637115198209144,-1.1938732874155988
2021-01-01,O3,Terai,112.3951188606699,122.34202861909826,0.2738253681492317,-10.220735126577594
2021-02-01,O3,Terai,128.37904499171592,122.68017087707855,7.126826883451006,-1.4279527688136398
2021-03-01,O3,Terai,125.18256012912528,123.06159648403957,1.1494494288689274,0.9715142162167751
2021-04-01,O3,Terai,130.282036358465,123.4842182965037,5.663518641892688,1.134299420068615
2021-05-01,O3,Terai,128.724433167473,123.94428854330664,4.816681208504177,-0.03653658433782425
2021-06-01,O3,Terai,126.0534368122722,124.43618794244901,3.3118299572292296,-1.6945810874060498
2021-07-01,O3,Terai,125.96959526082092,124.93282050614575,0.39036425605276076,0.6464104986224157
2021-08-01,O3,Terai,123.7079159982554,125.38996936437906,-1.354999644068924,-0.32705372205472827
2021-09-01,O3,Terai,123.8805770298035,125.79079798180418,-2.462641425265342,0.5524204732646751
2021-10-01,O3,Terai,121.3989480523785,126.13630919754873,-4.62120675744097,-0.11615438772925302
2021-11-01,O3,Terai,119.33333352366432,126.4321652993203,-9.266734848391724,2.167903072735754
2021-12-01,O3,Terai,121.7713163734502,126.67925138354809,-4.998956956643338,0.09102194654545315
2022-01-01,O3,Terai,126.71332604435688,126.87131521986089,-1.0542848651708263,0.8962956896668146
2022-02-01,O3,Terai,133.4393307408078,126.99142550424368,6.099606913639976,0.3482983229241512
2022-03-01,O3,Terai,131.0910854954484,127.02604422806525,2.082387781902356,1.982653485480796
2022-04-01,O3,Terai,133.2164821703349,126.98188215958416,6.4575934893320674,-0.2229934785813299
2022-05-01,O3,Terai,132.6824424123781,126.86446486086174,5.770427148280079,0.04755040323627213
2022-06-01,O3,Terai,131.67771114789682,126.6704033583978,3.726340571735123,1.2809672177638873
2022-07-01,O3,Terai,127.08729172932968,126.41157401068651,0.2699222874506939,0.4057954311924732
2022-08-01,O3,Terai,125.413975936386,126.13624778257368,-1.4241789378331793,0.701907091645495
2022-09-01,O3,Terai,123.2502991161148,125.87803097499679,-2.2250591088339897,-0.40267275004799785
2022-10-01,O3,Terai,120.9185180700282,125.63750589348267,-4.186733807844816,-0.5322540156096522
2022-11-01,O3,Terai,115.289702258541,125.40416045217648,-9.027202351201186,-1.0872558424343026
2022-12-01,O3,Terai,113.1798713101004,125.17786611294645,-6.371828143812899,-5.626166659033146
2023-01-01,O3,Terai,114.87644031447267,124.9820909518174,-2.41965794345902,-7.685992693885709
2023-02-01,O3,Terai,117.780157271209,124.82226863251651,5.056709670351542,-12.098821031659043
2023-03-01,O3,Terai,126.67200744630968,124.69547250256431,2.9268211785149756,-0.9502862347696066
2023-04-01,O3,Terai,132.4691042248113,124.61262091727502,7.0460129933139175,0.810470314222357
2023-05-01,O3,Terai,130.0665755351895,124.59413651285388,6.662378394797943,-1.1899393724623337
2023-06-01,O3,Terai,128.52632535344262,124.67227049166468,4.302693104357047,-0.4486382425791078
2023-07-01,O3,Terai,124.5458887033148,124.84978992218682,0.334494386663503,-0.6383956055355213
2023-08-01,O3,Terai,122.4075752521172,125.07927783186845,-1.3363317793198997,-1.335370800431349
2023-09-01,O3,Terai,124.3266283351608,125.31972484540897,-2.069666667480767,1.0765701572325952
2023-10-01,O3,Terai,122.9939308244884,125.54205266943406,-3.5692857320319384,1.0211638870862885
2023-11-01,O3,Terai,122.884784393761,125.71693272335105,-8.915165823270918,6.08301749368087
2023-12-01,O3,Terai,124.2332200100214,125.8452142932988,-7.777881106997211,6.165886823719802
2024-01-01,O3,Terai,130.0413308134945,125.9462605487906,-3.839001383070794,7.934071647774687
2024-02-01,O3,Terai,130.8298094022312,126.0381319115837,4.027359692939294,0.7643177977082019
2024-03-01,O3,Terai,129.6588220699089,126.12717926649351,3.5919050773312025,-0.06026227391582495
2024-04-01,O3,Terai,138.7804137722978,126.19644978049328,7.423358504136495,5.160605487668022
2024-05-01,O3,Terai,135.51164851586051,126.20880328822123,7.497747388652346,1.8050978389869243
2024-06-01,O3,Terai,131.53233847155872,126.16215617462173,5.036853881972885,0.33332841496410026
2024-07-01,O3,Terai,124.2388828881412,126.09934111640023,0.5307037135995092,-2.3911619418585275
2024-08-01,O3,Terai,124.6597756129267,126.03932077622893,-1.1218696473306604,-0.25767551597158445
2024-09-01,O3,Terai,123.53380053366467,125.97648687162757,-1.9287459415558652,-0.5139403964070368
2024-10-01,O3,Terai,121.2275005302605,125.89776928614397,-2.910865546304739,-1.7594032095787355
2024-11-01,O3,Terai,118.080418063579,125.80403416246023,-8.834280797663192,1.1106646987819744
2024-12-01,O3,Terai,118.3597791616777,125.70600707407147,-9.158795711715115,1.812567799321343
2025-01-01,O3,Terai,120.3875617654804,125.61381734950649,-5.286099278423289,0.05984369439720183
2025-02-01,O3,Terai,128.49397162126468,125.53885719043954,3.003623416474075,-0.04850898564893669
2025-03-01,O3,Terai,129.94974685948011,125.47413965536661,4.2106891756665,0.2649180284469992
2025-04-01,O3,Terai,134.2293142382907,125.39708986658394,7.767473332945223,1.0647510387615284
2025-05-01,O3,Terai,133.432245754528,125.2991920607534,8.34187832092688,-0.208824627152282
2025-06-01,O3,Terai,128.6657622070028,125.18850686633478,5.782916754380796,-2.3056614137127553
2025-07-01,O3,Terai,125.8551524701266,125.07534460182235,0.7320362414363559,0.04777162686788472
2025-08-01,O3,Terai,123.8226838424455,124.97314004490748,-0.887326202650583,-0.2631299998113974
2025-09-01,O3,Terai,122.842011374702,124.90505418867468,-1.8053723052826527,-0.2576705086900404
2025-10-01,O3,Terai,123.5517568952628,124.88799404594222,-2.228966561171871,0.8927294104924499
2025-11-01,O3,Terai,115.3871831568024,125.01909533043796,-8.764587874099146,-0.8673242995364205
2025-12-01,O3,Terai,113.3099910644516,125.18863261188012,-10.522911699148404,-1.35572984828012
2026-01-01,O3,Terai,118.2794548736275,125.36386439450624,-6.75436025555175,-0.3300492653269913
2026-02-01,O3,Terai,127.0104637964451,125.54215485215363,1.9770076127953844,-0.508698668503925
2026-03-01,O3,Terai,130.2274751512749,125.72431527423964,4.811449020267373,-0.3082891432321304
2026-04-01,O3,Terai,132.43142691502828,125.91146110735082,8.080700371502955,-1.5607345638254913
2026-05-01,O3,Terai,134.8749336745329,126.10489890018314,9.191002745550456,-0.42096797120069596
2026-06-01,O3,Terai,133.9716851433115,126.30646994117127,6.537755954130109,1.1274592480101262
2026-07-01,O3,Terai,128.5696557821094,126.51780829934035,0.9697374522844483,1.082110030484614
2026-08-01,O3,Terai,126.7577932259108,126.73937546031496,-0.6219648275705543,0.6403825931663931
2019-01-01,HCHO,High_Himal,76.24642238338262,67.6389122197396,6.9482654979161005,1.6592446657269306
2019-02-01,HCHO,High_Himal,32.017705843486915,67.48462137005704,-32.35119797203613,-3.115717554533987
2019-03-01,HCHO,High_Himal,44.85507020441956,67.33080309001869,-19.971437078299328,-2.5042958072997976
2019-04-01,HCHO,High_Himal,56.25118283089872,67.17933080637155,-16.314446169888342,5.386298194415502
2019-05-01,HCHO,High_Himal,86.1950435895986,67.03410686354239,17.042187675127643,2.118749050928571
2019-06-01,HCHO,High_Himal,94.75022285575628,66.89648640034476,26.877554607238903,0.9761818481726152
2019-07-01,HCHO,High_Himal,82.7171023163715,66.76483701209236,21.592250223363543,-5.639984919084405
2019-08-01,HCHO,High_Himal,65.71993186911034,66.63512966118492,0.06583096125836987,-0.98102875333295
2019-09-01,HCHO,High_Himal,70.30231856037082,66.50419173343288,0.9903879272662681,2.8077388996716763
2019-10-01,HCHO,High_Himal,70.44666523216735,66.3674503564254,5.538746488870819,-1.4595316131288598
2019-11-01,HCHO,High_Himal,65.51636494091895,66.206184578016,-2.0364488212407132,1.3466291841436515
2019-12-01,HCHO,High_Himal,50.53469021751301,66.1254560124146,-9.226336031052622,-6.364429763848975
2020-01-01,HCHO,High_Himal,34.34430132997894,66.17248981279369,5.091240273527146,-36.91942875634189
2020-02-01,HCHO,High_Himal,46.11156567779679,66.39024908292205,-28.518650304951105,8.239966899825845
2020-03-01,HCHO,High_Himal,49.86298970916776,66.73969385131167,-18.445331225740567,1.5686270835966525
2020-04-01,HCHO,High_Himal,44.2361721394024,67.1554581615687,-15.349904378852905,-7.569381643313399
2020-05-01,HCHO,High_Himal,80.3386731685874,67.56285244262028,15.839969862800778,-3.064149136833663
2020-06-01,HCHO,High_Himal,85.14798131274543,67.9941120560642,25.09375630091571,-7.9398870442344816
2020-07-01,HCHO,High_Himal,95.47312033822028,68.49016438964493,19.90075337764553,7.082202570929823
2020-08-01,HCHO,High_Himal,66.97950391878413,69.05344802322969,0.32421610244588195,-2.398160206891447
2020-09-01,HCHO,High_Himal,72.55545571017865,69.70371107956773,1.4714362525967979,1.3803083780141208
2020-10-01,HCHO,High_Himal,76.75701744437204,70.53042178343703,3.2867366244372573,2.939859036497751
2020-11-01,HCHO,High_Himal,68.37396659924386,71.55635363380124,-1.616031562782897,-1.5663554717744859
2020-12-01,HCHO,High_Himal,68.07085183471153,72.54863907677765,-7.9657105779708965,3.4879233359047817
2021-01-01,HCHO,High_Himal,67.92800806581766,73.04064306497342,3.18967369109568,-8.302308690251436
2021-02-01,HCHO,High_Himal,68.42279388338952,73.06331528010259,-24.547173340546887,19.906651943833822
2021-03-01,HCHO,High_Himal,79.68755958784804,73.04610225946658,-16.967874231343167,23.609331559724637
2021-04-01,HCHO,High_Himal,81.80857003181484,73.1719506632712,-14.34430765475614,22.98092702329977
2021-05-01,HCHO,High_Himal,62.20190691414631,73.38863832491208,14.62355034919606,-25.810281759961825
2021-06-01,HCHO,High_Himal,104.43380057569402,73.58268845931867,23.239553243676802,7.611558872698552
2021-07-01,HCHO,High_Himal,109.88913495199635,73.8519656658745,18.255254726960473,17.78191455916138
2021-08-01,HCHO,High_Himal,54.01519872734707,74.31438679669324,0.4596240574946682,-20.758812126840837
2021-09-01,HCHO,High_Himal,72.43865351423881,74.67723664533204,2.105744006637584,-4.344327137730815
2021-10-01,HCHO,High_Himal,73.40397817793689,74.50988695831781,1.0777447980351764,-2.1836535784160844
2021-11-01,HCHO,High_Himal,73.86410271483072,73.96909714419363,-1.1727240936967374,1.0677296643338394
2021-12-01,HCHO,High_Himal,71.85490544658533,73.52039145113271,-6.71830631026255,5.052820305715173
2022-01-01,HCHO,High_Himal,35.25651137751262,73.26536529824902,1.1054220710269067,-39.11427599176331
2022-02-01,HCHO,High_Himal,46.68403151503203,73.13500747060051,-20.482693826202144,-5.9682821293663295
2022-03-01,HCHO,High_Himal,57.00566260698505,73.03596079930276,-15.504695533121374,-0.5256026591963376
2022-04-01,HCHO,High_Himal,60.30914945271053,72.96585757496274,-13.341156902783835,0.6844487805316248
2022-05-01,HCHO,High_Himal,55.31310301993928,72.93572109200394,13.339285484382655,-30.961903556447325
2022-06-01,HCHO,High_Himal,93.38151519277996,72.93320418181183,21.371690272844333,-0.9233792618762067
2022-07-01,HCHO,High_Himal,72.39580898155141,72.98853720757582,16.715317991541394,-17.308046217565803
2022-08-01,HCHO,High_Himal,81.51882839967364,73.13121058356819,0.5533007024128542,7.834317113692592
2022-09-01,HCHO,High_Himal,69.01120484733639,73.33026770068359,2.8033028902845016,-7.122365743631704
2022-10-01,HCHO,High_Himal,73.37335545652019,73.48744279514261,-1.0953725435421908,0.9812852049197716
2022-11-01,HCHO,High_Himal,67.81279956783064,73.53926642180868,-0.731611291528571,-4.994855562449473
2022-12-01,HCHO,High_Himal,69.09239295416207,73.50189258255779,-5.41514436913715,1.005644740741431
2023-01-01,HCHO,High_Himal,77.58911775115176,73.43851488083106,-1.011050238642903,5.1616531089636055
2023-02-01,HCHO,High_Himal,76.9699433473485,73.39142336061238,-16.62650487826359,20.205024864999714
2023-03-01,HCHO,High_Himal,66.30120979393143,73.37041669177985,-14.101880468200054,7.032673570351633
2023-04-01,HCHO,High_Himal,58.90369183273408,73.35314593008384,-11.891438490866308,-2.558015606483451
2023-05-01,HCHO,High_Himal,82.73586496131306,73.3354600156317,11.848029123393685,-2.4476241777123278
2023-06-01,HCHO,High_Himal,90.62243005840624,73.27476124437771,19.374935454914983,-2.0272666408864666
2023-07-01,HCHO,High_Himal,86.89317877597567,73.09777824464345,14.877573602090688,-1.082173070758472
2023-08-01,HCHO,High_Himal,75.76601366059698,72.85063326226124,0.6385154246446081,2.276864973691133
2023-09-01,HCHO,High_Himal,76.95891125396963,72.66237837210798,3.8945071881457136,0.40202569371594166
2023-10-01,HCHO,High_Himal,69.12495027503333,72.6540015100393,-3.1259835651024366,-0.4030676699035354
2023-11-01,HCHO,High_Himal,74.8786551612425,72.78092103739823,-0.3005997789238058,2.398333902768087
2023-12-01,HCHO,High_Himal,58.48402289960367,72.91783838919616,-4.377060168446321,-10.05675532114617
2024-01-01,HCHO,High_Himal,73.1630587595986,73.01476129098948,-2.866887262067619,3.0151847306767365
2024-02-01,HCHO,High_Himal,95.41394258700116,73.03136538813456,-12.86157762879883,35.244154827665426
2024-03-01,HCHO,High_Himal,55.51103188763267,72.98909549482043,-12.764671546768463,-4.713392060419295
2024-04-01,HCHO,High_Himal,61.92228000126464,72.90859029202798,-9.865369917129259,-1.1209403736340846
2024-05-01,HCHO,High_Himal,92.6580267287786,72.81236780488125,10.269223324080142,9.576435599817202
2024-06-01,HCHO,High_Himal,100.23490173853466,72.74679019654214,17.238692586833654,10.249418955158873
2024-07-01,HCHO,High_Himal,83.51389167869631,72.68642424379902,12.532406851786178,-1.704939416888891
2024-08-01,HCHO,High_Himal,69.40189324018833,72.58792599244929,0.5787221787231644,-3.7647549309841253
2024-09-01,HCHO,High_Himal,80.89553714715416,72.42143634722659,5.157276840572033,3.3168239593555313
2024-10-01,HCHO,High_Himal,63.46472851071975,72.16699717720962,-5.124783771313531,-3.5774848951763403
2024-11-01,HCHO,High_Himal,75.02612116525398,71.8591336961501,0.20167708108723553,2.965310388016647
2024-12-01,HCHO,High_Himal,68.64437510742046,71.48078616315959,-3.456764858487075,0.6203538027479425
2025-01-01,HCHO,High_Himal,61.362395772917154,71.0321793776299,-4.720268747703673,-4.949514857009078
2025-02-01,HCHO,High_Himal,66.285095160841,70.56732015158956,-8.959599605432622,4.677374614684069
2025-03-01,HCHO,High_Himal,56.81743121388797,70.09666845913733,-11.494192198792652,-1.785045046456716
2025-04-01,HCHO,High_Himal,63.07042332554887,69.58118756337598,-7.717311115087055,1.206546877259953
2025-05-01,HCHO,High_Himal,80.7853895178196,68.97859289207926,8.735290701783486,3.071505923956849
2025-06-01,HCHO,High_Himal,80.56877825180638,68.28336304897807,15.087303626105003,-2.8018884232766936
2025-07-01,HCHO,High_Himal,86.13587533610283,67.52251554405065,10.132764168052475,8.480595623999704
2025-08-01,HCHO,High_Himal,63.88007844105039,66.69146714567579,0.36009431369078987,-3.171483018316188
2025-09-01,HCHO,High_Himal,72.77116582737307,65.76973156401029,6.59397025549372,0.40746400786906634
2025-10-01,HCHO,High_Himal,61.07147999212904,64.73783245537814,-7.11347771952499,3.4471252562758963
2025-11-01,HCHO,High_Himal,62.53608215509726,63.50558937526789,0.7526360630333155,-1.7221432832039412
2025-12-01,HCHO,High_Himal,61.24634954625024,62.30033755397378,-2.588987155912098,1.5349991481885539
2026-01-01,HCHO,High_Himal,55.21251038745609,61.11278558473147,-6.703223918172416,0.8029487208970352
2026-02-01,HCHO,High_Himal,53.03048699685379,59.92888592872478,-4.941268388136442,-1.95713054373455
2026-03-01,HCHO,High_Himal,51.01865753193481,58.74184990094152,-10.269007298575636,2.5458149295689267
2026-04-01,HCHO,High_Himal,53.26238879316792,57.54918072608221,-5.455021648874639,1.1682297159603507
2026-05-01,HCHO,High_Himal,58.69450951474237,56.348766262536444,7.138760660549706,-4.793017408343779
2026-06-01,HCHO,High_Himal,68.25619723536224,55.139518678183386,12.877892525589298,0.23878603158955514
2026-07-01,HCHO,High_Himal,59.08535368323092,53.923385329760684,7.74369598422807,-2.5817276307578325
2026-08-01,HCHO,High_Himal,55.97373971300009,52.703191310665545,0.033153161077561,3.2373952412569835
2019-01-01,HCHO,High_Mountains,54.48195440909995,58.258109786276,-3.823536707424331,0.047381330248278175
2019-02-01,HCHO,High_Mountains,25.69316610458576,58.47444901269687,-33.364490773279975,0.5832078651688661
2019-03-01,HCHO,High_Mountains,35.14660745362043,58.70637963877075,-26.270858714699244,2.711086529548929
2019-04-01,HCHO,High_Mountains,52.69898886586114,58.95635974649358,-4.639762719574483,-1.6176081610579587
2019-05-01,HCHO,High_Mountains,85.30687948347584,59.22489816471588,-6.324526528938809,32.40650784769876
2019-06-01,HCHO,High_Mountains,94.72322071064782,59.51268815417466,14.587528743345185,20.623003813127973
2019-07-01,HCHO,High_Mountains,88.82910259440287,59.819832794223935,28.614859938658935,0.39440986151999624
2019-08-01,HCHO,High_Mountains,68.79869435541946,60.144100865186765,8.576952791580176,0.077640698652516
2019-09-01,HCHO,High_Mountains,73.73597995632937,60.47677478428257,15.000667350370902,-1.7414621783240989
2019-10-01,HCHO,High_Mountains,67.24688896008254,60.79762782708776,12.072664521789662,-5.623403388794877
2019-11-01,HCHO,High_Mountains,66.65389952870738,61.139434564349884,3.2239595646744936,2.2905053996830063
2019-12-01,HCHO,High_Mountains,46.43653782666571,61.92684310908299,-11.651566320475299,-3.838738961941978
2020-01-01,HCHO,High_Mountains,28.608280865662472,62.877031041699354,-3.509621811807407,-30.759128364229475
2020-02-01,HCHO,High_Mountains,36.47414370606293,63.917142036807405,-28.584017028611274,1.141018697866798
2020-03-01,HCHO,High_Mountains,38.06148870566657,64.96228482617111,-23.54912136753831,-3.3516747529662325
2020-04-01,HCHO,High_Mountains,41.2459290197256,66.01589427822185,-3.0741428606738226,-21.695822397822425
2020-05-01,HCHO,High_Mountains,63.86621750652671,67.12252874924,-5.853977417462435,2.5976661747491363
2020-06-01,HCHO,High_Mountains,81.61169132984313,68.2647452124698,15.00868124339872,-1.6617351260253912
2020-07-01,HCHO,High_Mountains,96.46663797750976,69.38305375414083,25.70025434003432,1.3833298833346106
2020-08-01,HCHO,High_Mountains,78.1267529382665,70.36683051336269,6.425115657389537,1.33480676751428
2020-09-01,HCHO,High_Mountains,83.21723992462735,70.79720089177944,10.341011951649202,2.079027081198703
2020-10-01,HCHO,High_Mountains,83.57361125134027,70.5950146176679,8.167763017741306,4.81083361593106
2020-11-01,HCHO,High_Mountains,70.86392728932016,70.22877962197575,2.34616399251835,-1.7110163251739436
2020-12-01,HCHO,High_Mountains,86.9866641592574,69.82566689539429,-7.531949370846086,24.6929466347092
2021-01-01,HCHO,High_Mountains,82.90915887763931,69.43873457906444,-3.1804223209094133,16.650846619484284
2021-02-01,HCHO,High_Mountains,82.86877306189974,69.1360632736791,-23.695481985937796,37.42819177415845
2021-03-01,HCHO,High_Mountains,84.20987160419273,68.881317162105,-20.808910531124326,36.13746497321205
2021-04-01,HCHO,High_Mountains,99.14627026359784,68.55050274262415,-1.6336771077219456,32.229444628695646
2021-05-01,HCHO,High_Mountains,61.4461869860843,68.06677674044728,-5.266749411674143,-1.3538403426888408
2021-06-01,HCHO,High_Mountains,83.39753863202793,67.51241816057242,15.297371607807436,0.5877488636480734
2021-07-01,HCHO,High_Mountains,129.7740084272695,67.14259205981793,22.932078635741036,39.69933773171054
2021-08-01,HCHO,High_Mountains,68.36156695234614,67.00291101743777,4.307828771210924,-2.9491728363025516
2021-09-01,HCHO,High_Mountains,71.77431940472925,66.83465173929702,5.633894775828298,-0.6942271103960564
2021-10-01,HCHO,High_Mountains,73.00716585127127,66.57488348382375,4.23980137753824,2.1924809899092708
2021-11-01,HCHO,High_Mountains,71.41752372907695,66.28716404184705,1.6438519325789,3.486507754651001
2021-12-01,HCHO,High_Mountains,66.13580783147783,66.0431183590968,-3.5672417301305743,3.659931202511615
2022-01-01,HCHO,High_Mountains,61.5283207597622,65.9071193362675,-2.8541252922145426,-1.5246732842907562
2022-02-01,HCHO,High_Mountains,39.09818319087629,65.85201026247965,-18.78463433712011,-7.969192734483251
2022-03-01,HCHO,High_Mountains,70.3946081224861,65.870419777877,-18.092172233247048,22.616360577856142
2022-04-01,HCHO,High_Mountains,67.77970281171008,66.10211796947887,-0.2395440153695731,1.9171288576007868
2022-05-01,HCHO,High_Mountains,54.60833960921913,66.56427604200071,-4.643915757939379,-7.312020674842202
2022-06-01,HCHO,High_Mountains,120.56900701896664,67.12318272615327,15.461287280087996,37.98453701272537
2022-07-01,HCHO,High_Mountains,85.4935381915009,67.78425190079831,20.28918411466442,-2.5798978239618293
2022-08-01,HCHO,High_Mountains,85.55279920416676,68.60631585896486,2.2156377642346783,14.730845580967227
2022-09-01,HCHO,High_Mountains,69.73487932392432,69.64902892411253,0.8447246840747107,-0.7588742842629159
2022-10-01,HCHO,High_Mountains,51.79936983859868,70.8849424426192,0.3553035488715768,-19.440876152892102
2022-11-01,HCHO,High_Mountains,65.27852447689838,72.18465482587604,1.1583556789198561,-8.064486027897516
2022-12-01,HCHO,High_Mountains,77.88983197613425,73.46326331149258,0.37497210627928046,4.051596558362377
2023-01-01,HCHO,High_Mountains,75.52104991668048,74.76618343908079,-2.4691721081284035,3.2240385857280955
2023-02-01,HCHO,High_Mountains,78.41416852720089,76.06709328898974,-14.039378785415057,16.3864540236262
2023-03-01,HCHO,High_Mountains,60.85013943294728,77.21833293217061,-15.227831607337285,-1.1403618918860445
2023-04-01,HCHO,High_Mountains,80.83440744928808,78.16410801978633,0.785732119652726,1.8845673098490323
2023-05-01,HCHO,High_Mountains,80.10154300306047,78.87748005890573,-3.8711709144892525,5.095233858643994
2023-06-01,HCHO,High_Mountains,96.41476266406264,79.42317823322746,15.320918989061159,1.6706654417740197
2023-07-01,HCHO,High_Mountains,94.90308014993892,79.85008466325304,17.88441360994659,-2.8314181232607183
2023-08-01,HCHO,High_Mountains,81.01456108603716,80.19952995362979,0.4384699764965658,0.37656115591080663
2023-09-01,HCHO,High_Mountains,83.1340781511958,80.49063416048466,-4.122338496653735,6.7657824873648735
2023-10-01,HCHO,High_Mountains,63.842251055289935,80.8033651914049,-3.882311178456414,-13.078802957658539
2023-11-01,HCHO,High_Mountains,76.26814187514691,81.16232280237605,1.3113486694496608,-6.205529596678801
2023-12-01,HCHO,High_Mountains,86.18056603473003,81.51885421406735,3.795698707761756,0.8660131129009301
2024-01-01,HCHO,High_Mountains,76.48445119365931,81.76687212966198,-1.9534353787576986,-3.3289855572449625
2024-02-01,HCHO,High_Mountains,75.18758838965537,81.90316550453768,-9.23190820204798,2.5163310871656677
2024-03-01,HCHO,High_Mountains,70.2695915096266,81.99128653359922,-12.125124287468715,0.4034292634960792
2024-04-01,HCHO,High_Mountains,98.01148488717024,82.04670173923027,1.089525651887722,14.875257496052242
2024-05-01,HCHO,High_Mountains,106.90233752276704,82.08893774428729,-2.8219650081564867,27.63536478663623
2024-06-01,HCHO,High_Mountains,106.50551469875658,82.17077604028847,14.942731168195941,9.392007490272164
2024-07-01,HCHO,High_Mountains,78.8826236508017,82.2726758232019,15.682272320217127,-19.072324492617312
2024-08-01,HCHO,High_Mountains,81.29518746245131,82.29772616594603,-1.005531227001873,0.002992523507145961
2024-09-01,HCHO,High_Mountains,69.86958450439643,82.16310753176893,-9.084923541695582,-3.2085994856769133
2024-10-01,HCHO,High_Mountains,75.89134850789101,81.82732936144784,-8.202426610484135,2.266445756927311
2024-11-01,HCHO,High_Mountains,83.4238580900392,81.22455981500204,1.5258109192232665,0.6734873558139043
2024-12-01,HCHO,High_Mountains,76.35372183903087,80.35316356876521,7.015521643587273,-11.01496337332162
2025-01-01,HCHO,High_Mountains,80.3045793008768,79.29767914892287,-1.432104955855521,2.43900510780945
2025-02-01,HCHO,High_Mountains,83.52013302193515,78.17141739397194,-4.2627446600438015,9.611460288007024
2025-03-01,HCHO,High_Mountains,70.90360466919262,77.03861583511102,-8.962976976422436,2.8279658105040397
2025-04-01,HCHO,High_Mountains,78.66349012094139,75.91097233081742,1.1829026051350384,1.5696151849889333
2025-05-01,HCHO,High_Mountains,70.8316130567191,74.74200457177331,-1.7150967477366477,-2.1952947673175487
2025-06-01,HCHO,High_Mountains,85.48042229992352,73.45339374362548,14.521260157237956,-2.4942316009399264
2025-07-01,HCHO,High_Mountains,89.92388533820206,72.02424825021822,13.605853599118555,4.293783488865273
2025-08-01,HCHO,High_Mountains,61.18770044987614,70.49307932754078,-2.4280139915966683,-6.877364886067973
2025-09-01,HCHO,High_Mountains,85.5466686938514,68.90946756756806,-14.126037707763917,30.763238834047257
2025-10-01,HCHO,High_Mountains,53.94981440186967,67.33485017916104,-12.5574508488919,-0.8275849283994603
2025-11-01,HCHO,High_Mountains,72.82071852959405,65.96518124992188,1.9080263588684165,4.947510920803751
2025-12-01,HCHO,High_Mountains,75.49308926297813,64.69807926321988,10.032303706803955,0.7627062929542916
2026-01-01,HCHO,High_Mountains,62.17334602984737,63.46666796161972,-0.8813405725248514,-0.41198135924749835
2026-02-01,HCHO,High_Mountains,58.75040448722139,62.24798277865968,0.7935927202860755,-4.291171011724373
2026-03-01,HCHO,High_Mountains,53.88363409782591,61.03381989681404,-5.743275209954412,-1.4069105890337141
2026-04-01,HCHO,High_Mountains,58.47035921246429,59.82316144238443,1.1049559901296178,-2.4577582200497616
2026-05-01,HCHO,High_Mountains,59.614166142575,58.61805073114009,-0.5797375693656474,1.575852980800562
2026-06-01,HCHO,High_Mountains,70.32140259900406,57.422050932650954,13.984462527860131,-1.085110861507026
2026-07-01,HCHO,High_Mountains,66.96638107171718,56.23799699522011,11.683841860302831,-0.9554577838057625
2026-08-01,HCHO,High_Mountains,56.686491485280186,55.0690733590934,-3.8092520022817573,5.426670128468544
2019-01-01,HCHO,Middle_Mountains,86.22112278776028,89.98323235532823,-6.523845504532169,2.7617359369642145
2019-02-01,HCHO,Middle_Mountains,72.2584784338551,89.45793250377324,-14.354559846126318,-2.844894223791812
2019-03-01,HCHO,Middle_Mountains,73.88133952002752,88.9315034595031,-14.64818387101907,-0.4019800684565098
2019-04-01,HCHO,Middle_Mountains,78.45372691051861,88.40309987676575,-11.54076367503247,1.591390708785326
2019-05-01,HCHO,Middle_Mountains,147.29592410418763,87.8728155025817,-13.924996667293165,73.34810526889909
2019-06-01,HCHO,Middle_Mountains,130.55376118162064,87.34021585032328,48.02214985222697,-4.808604520929592
2019-07-01,HCHO,Middle_Mountains,106.40543827854016,86.80598055630325,19.38628528178506,0.21317244045184225
2019-08-01,HCHO,Middle_Mountains,80.0479596134601,86.2761954465661,-9.668216137310752,3.439980304204738
2019-09-01,HCHO,Middle_Mountains,70.5672795153999,85.76228605802876,-14.823524192009774,-0.37148235061908963
2019-10-01,HCHO,Middle_Mountains,81.69990136941438,85.28217889690423,-3.121997769585991,-0.4602797579038622
2019-11-01,HCHO,Middle_Mountains,96.0674261170618,84.8720058574386,4.252943322973247,6.942476936649953
2019-12-01,HCHO,Middle_Mountains,94.97755864276024,84.89070389086372,8.98806966841284,1.0987850834836905
2020-01-01,HCHO,Middle_Mountains,62.9175410981654,85.30406899373816,-4.345962710852185,-18.040565184720563
2020-02-01,HCHO,Middle_Mountains,71.50444402424401,86.09271320273832,-11.356583495473995,-3.2316856830203164
2020-03-01,HCHO,Middle_Mountains,70.28578621639845,87.08351065853317,-11.018042348660929,-5.779682093473795
2020-04-01,HCHO,Middle_Mountains,74.55441296895827,88.24467392080975,-2.5373720937901503,-11.152888858061317
2020-05-01,HCHO,Middle_Mountains,82.9318369404943,89.6611594592103,-11.560434467708495,4.8311119489925005
2020-06-01,HCHO,Middle_Mountains,93.15568672198606,91.40188663027347,43.36525274538232,-41.61145265366973
2020-07-01,HCHO,Middle_Mountains,103.21312764301408,93.4933214454569,13.239450811832567,-3.5196446142753928
2020-08-01,HCHO,Middle_Mountains,79.96666322925095,95.89508480809252,-12.499780342430487,-3.4286412364110816
2020-09-01,HCHO,Middle_Mountains,87.96550512978283,98.30570336526378,-14.58942550618922,4.249227270708261
2020-10-01,HCHO,Middle_Mountains,100.62424442965624,100.40068505480389,-7.62295825679608,7.846517631648439
2020-11-01,HCHO,Middle_Mountains,95.67292266859944,101.88921747942221,2.439688567182138,-8.655983378004905
2020-12-01,HCHO,Middle_Mountains,118.00227402516472,102.49619050497988,9.179869997036068,6.32621352314878
2021-01-01,HCHO,Middle_Mountains,111.74190038207284,102.31862038756414,-2.32191651886311,11.745196513371809
2021-02-01,HCHO,Middle_Mountains,104.41772867502254,101.78478348637695,-8.506279269128333,11.13922445777392
2021-03-01,HCHO,Middle_Mountains,132.47932617339873,101.23518579693568,-7.6204327501163265,38.86457312657937
2021-04-01,HCHO,Middle_Mountains,176.28244084002108,100.66106080544841,6.054937983043898,69.56644205152878
2021-05-01,HCHO,Middle_Mountains,83.01190138887041,99.83899067907613,-9.169943619957042,-7.657145670248681
2021-06-01,HCHO,Middle_Mountains,94.78556423023156,98.67934965502324,38.42106147369581,-42.314846898487495
2021-07-01,HCHO,Middle_Mountains,118.75337012161128,97.35977206090328,7.270747889242484,14.122850171465515
2021-08-01,HCHO,Middle_Mountains,68.10551554459634,95.99336386992631,-15.44147322929965,-12.446375096030323
2021-09-01,HCHO,Middle_Mountains,77.40562886162289,94.72447429813096,-14.214651023157602,-3.10419441335047
2021-10-01,HCHO,Middle_Mountains,80.49823618144042,94.05801842046813,-11.744168854693346,-1.8156133843343696
2021-11-01,HCHO,Middle_Mountains,100.11150943142218,94.11842256251846,0.8631210417379194,5.129965827165805
2021-12-01,HCHO,Middle_Mountains,96.86654500664903,94.58154384195255,9.679327546211645,-7.394326381515171
2022-01-01,HCHO,Middle_Mountains,66.67843522122021,95.05207213078094,-0.3594078257168036,-28.01422908384393
2022-02-01,HCHO,Middle_Mountains,66.71801638781935,95.38310554914293,-5.778417200601591,-22.886671960721984
2022-03-01,HCHO,Middle_Mountains,104.59493666102502,95.6085936266967,-4.399637104068647,13.38598013839696
2022-04-01,HCHO,Middle_Mountains,130.46206783368487,95.87985682868769,14.312986727309042,20.26922427768814
2022-05-01,HCHO,Middle_Mountains,83.14971767035114,96.36894510675742,-6.979324535153196,-6.239902901253089
2022-06-01,HCHO,Middle_Mountains,142.817900522499,97.02458651506349,33.50557454382363,12.287739463611885
2022-07-01,HCHO,Middle_Mountains,91.53220829185814,97.78977693696655,1.6397167472888037,-7.897285392397208
2022-08-01,HCHO,Middle_Mountains,90.41209893802164,98.59006934571319,-18.48272304728715,10.304752639595606
2022-09-01,HCHO,Middle_Mountains,78.7597295987722,99.34099795608081,-13.686320393905163,-6.894947963403453
2022-10-01,HCHO,Middle_Mountains,75.32326825144186,99.91186341884938,-15.4411591218946,-9.147436045512919
2022-11-01,HCHO,Middle_Mountains,92.91749871022034,100.28742413303087,-0.28699054559316894,-7.082934877217355
2022-12-01,HCHO,Middle_Mountains,107.6714701061072,100.59343824160737,10.537755247418275,-3.4597233829184546
2023-01-01,HCHO,Middle_Mountains,117.13748024901564,100.96463382831452,1.5592949272811312,14.61355149341999
2023-02-01,HCHO,Middle_Mountains,106.36564055893808,101.34980629320803,-3.9204326458987335,8.936266911628778
2023-03-01,HCHO,Middle_Mountains,94.48431357099926,101.66894123691061,-1.924466746661132,-5.260160919250211
2023-04-01,HCHO,Middle_Mountains,125.6205642971499,101.90744325278558,21.574419218323555,2.1387018260407586
2023-05-01,HCHO,Middle_Mountains,112.11622980137416,102.02993851281208,-5.169912078048023,15.256203366610109
2023-06-01,HCHO,Middle_Mountains,127.29184958132176,102.09148264040893,28.262157432845758,-3.061790491932925
2023-07-01,HCHO,Middle_Mountains,92.12731937569072,102.06897852736684,-3.2925460959065487,-6.6491130557695755
2023-08-01,HCHO,Middle_Mountains,86.09473576113777,101.94975971917961,-21.257324948475098,5.402300990433261
2023-09-01,HCHO,Middle_Mountains,92.39554047201572,101.84209357237528,-12.828772042833737,3.382218942474182
2023-10-01,HCHO,Middle_Mountains,71.85870241963534,101.92738898991081,-18.1626156243932,-11.906070945882277
2023-11-01,HCHO,Middle_Mountains,97.78085728352023,102.22878200043058,-0.123745796166333,-4.324178920744018
2023-12-01,HCHO,Middle_Mountains,110.96041344889096,102.57011204162795,12.515007411365781,-4.1247060041027765
2024-01-01,HCHO,Middle_Mountains,99.32507132392136,102.81631717681965,3.2848856280306173,-6.77613148092891
2024-02-01,HCHO,Middle_Mountains,106.98245105358458,103.02032500194078,-2.8547016537602317,6.816827705404037
2024-03-01,HCHO,Middle_Mountains,113.08144787889674,103.22891013064977,-0.6679661636256449,10.520503911872623
2024-04-01,HCHO,Middle_Mountains,198.6473505776219,103.45563052522516,27.716322427586192,67.47539762481054
2024-05-01,HCHO,Middle_Mountains,182.13812844847968,103.78045595087757,-3.291727586445583,81.64940008404768
2024-06-01,HCHO,Middle_Mountains,156.3781298120294,104.26478532219284,22.003730766961045,30.109613722875537
2024-07-01,HCHO,Middle_Mountains,92.28137755307948,104.81179940603508,-7.61154192155711,-4.918879931398493
2024-08-01,HCHO,Middle_Mountains,80.58627399616948,105.22770686389778,-23.602555896061208,-1.0388769716670936
2024-09-01,HCHO,Middle_Mountains,92.12670586691864,105.3899143191016,-11.750594976722446,-1.512613475460526
2024-10-01,HCHO,Middle_Mountains,87.49956825806227,105.30897549525902,-20.64734710613018,2.8379398689334323
2024-11-01,HCHO,Middle_Mountains,99.2561818579592,105.18659496582052,0.3126296427092935,-6.243042750570609
2024-12-01,HCHO,Middle_Mountains,114.4774757071048,105.1217882440609,14.768760576226843,-5.413073113182932
2025-01-01,HCHO,Middle_Mountains,113.81134151438654,105.0133592434052,4.9232126813874775,3.8747695895938534
2025-02-01,HCHO,Middle_Mountains,106.50976212813354,104.88831489914404,-1.8052011160011074,3.4266483449906104
2025-03-01,HCHO,Middle_Mountains,108.86812548597624,104.87684265383247,0.30244893612830936,3.6888338960154528
2025-04-01,HCHO,Middle_Mountains,148.03526341675314,105.00820916536247,33.571806117569324,9.455248133821343
2025-05-01,HCHO,Middle_Mountains,105.43459302308644,105.13346083030726,-1.3243957879270507,1.6255279807062237
2025-06-01,HCHO,Middle_Mountains,105.651878355194,105.06463401023235,15.419988803031018,-14.83274445806937
2025-07-01,HCHO,Middle_Mountains,95.2929517590472,104.64168163659139,-11.761380750571577,2.4126508730273883
2025-08-01,HCHO,Middle_Mountains,67.15762281841909,103.76472632263643,-26.016153842317095,-10.590949661900254
2025-09-01,HCHO,Middle_Mountains,94.5355153695446,102.49390570083673,-10.514200411233697,2.5558100799415655
2025-10-01,HCHO,Middle_Mountains,86.28336429458315,101.12595059088821,-22.76461355103223,7.922027254727169
2025-11-01,HCHO,Middle_Mountains,113.39400754343954,100.06830162307777,1.021375334833234,12.304330585528533
2025-12-01,HCHO,Middle_Mountains,128.20166801007431,99.36996013419339,17.319426776320253,11.512281099560667
2026-01-01,HCHO,Middle_Mountains,102.59640076271086,98.72167367847896,6.459586162572746,-2.5848590783408554
2026-02-01,HCHO,Middle_Mountains,87.33284483578836,98.04603271205988,-0.9464355688415493,-9.766752307429968
2026-03-01,HCHO,Middle_Mountains,74.10607806329621,97.32447634985493,0.8883262422065011,-24.106724528765227
2026-04-01,HCHO,Middle_Mountains,122.3771621491572,96.56098475444792,39.01323979523384,-13.197062400524558
2026-05-01,HCHO,Middle_Mountains,92.55896928680664,95.77121780205457,0.5979178514222252,-3.8101663666701455
2026-06-01,HCHO,Middle_Mountains,109.22339641404967,94.97740316073663,8.565139502486527,5.680853750826515
2026-07-01,HCHO,Middle_Mountains,83.89084619581102,94.2009135320111,-15.595627170091767,5.285559833891682
2026-08-01,HCHO,Middle_Mountains,70.29660676692149,93.45525151303693,-28.546134140674116,5.387489394558671
2019-01-01,HCHO,Siwalik,136.1199496397519,136.49658060298032,-2.3274801366749878,1.9508491734465565
2019-02-01,HCHO,Siwalik,123.56442277947929,135.51396950718345,-9.21548781728641,-2.734058910417758
2019-03-01,HCHO,Siwalik,133.4833406630579,134.5328794889176,-2.1810540268614096,1.1315152010017187
2019-04-01,HCHO,Siwalik,145.56814689541403,133.55531055930993,14.466237728908242,-2.453401392804153
2019-05-01,HCHO,Siwalik,244.0588193737352,132.58433097804073,4.466920817494986,107.00756757819948
2019-06-01,HCHO,Siwalik,191.72032186875552,131.62585713618654,58.17767189209046,1.9167928404785357
2019-07-01,HCHO,Siwalik,136.9485318925463,130.6880684361697,4.260300364094184,2.0001630922824347
2019-08-01,HCHO,Siwalik,112.88975856466988,129.7799124415052,-21.41541053309297,4.525256656257653
2019-09-01,HCHO,Siwalik,95.91028631440034,128.90878270298714,-28.446275072676812,-4.552221315909989
2019-10-01,HCHO,Siwalik,102.00167447889324,128.07564593855392,-23.062531899921517,-3.011439559739159
2019-11-01,HCHO,Siwalik,125.99212929131372,127.2873969891043,-2.020994174964281,0.7257264771736942
2019-12-01,HCHO,Siwalik,128.995085411999,127.03277455752317,0.24863811868552976,1.7136727357903112
2020-01-01,HCHO,Siwalik,105.29774046731497,127.11304974553607,-3.041225903333016,-18.774083374888093
2020-02-01,HCHO,Siwalik,112.55455771044348,127.5422076558366,-7.309926144027129,-7.677723801366
2020-03-01,HCHO,Siwalik,117.63500237508028,128.24135061642588,3.2009809395198086,-13.807329180865409
2020-04-01,HCHO,Siwalik,153.00478249239345,129.13775857330563,22.8372311465891,1.0297927724987233
2020-05-01,HCHO,Siwalik,139.4203755748071,130.18869425833583,6.655481704269892,2.5761996122013784
2020-06-01,HCHO,Siwalik,135.38928049522272,131.42534018703668,57.17238279830297,-53.20844249011694
2020-07-01,HCHO,Siwalik,131.14717375859937,132.87402295742785,-2.864822104638137,1.1379729058096473
2020-08-01,HCHO,Siwalik,99.66247157714687,134.51377371517492,-24.61998857117066,-10.23131356685738
2020-09-01,HCHO,Siwalik,118.61526783141014,136.08634138793803,-26.69682464633932,9.22575108981141
2020-10-01,HCHO,Siwalik,128.26548890668136,137.2865746533783,-24.831092025710166,15.810006279013237
2020-11-01,HCHO,Siwalik,129.15240309924516,137.84270449615002,-6.574998455596819,-2.1153029413080446
2020-12-01,HCHO,Siwalik,139.50449695234093,137.7676481117684,-0.5437498363749501,2.280598676947477
2021-01-01,HCHO,Siwalik,134.41359256827025,137.34865560066334,-3.906373454281109,0.9713104218880062
2021-02-01,HCHO,Siwalik,146.0779617099275,136.86541408246754,-5.708988004151762,14.921535631611732
2021-03-01,HCHO,Siwalik,214.34431800631376,136.4089892669961,8.247375199662814,69.68795353965484
2021-04-01,HCHO,Siwalik,261.32935718372005,135.90567833873138,31.129254191483245,94.29442465350542
2021-05-01,HCHO,Siwalik,137.37085144452465,135.2109579808868,8.84586002338242,-6.685966559744571
2021-06-01,HCHO,Siwalik,141.51639969203538,134.3547176588898,56.35358962579721,-49.19190759265163
2021-07-01,HCHO,Siwalik,124.9063201379309,133.57078753884736,-9.654437119134139,0.9899697182176794
2021-08-01,HCHO,Siwalik,100.25472657068497,132.97399897495612,-27.99433264969862,-4.724939754572546
2021-09-01,HCHO,Siwalik,103.94815965440344,132.78620909771575,-24.938309943896822,-3.899739499415489
2021-10-01,HCHO,Siwalik,108.03053812621836,133.17529291234723,-26.29201481706457,1.1472600309356835
2021-11-01,HCHO,Siwalik,124.08523132501298,133.82944869444364,-11.103024950196184,1.3588075807655287
2021-12-01,HCHO,Siwalik,126.81628474491691,134.56057983384088,-1.209209527430173,-6.535085561493787
2022-01-01,HCHO,Siwalik,101.59438607542154,135.2722217285983,-4.908513221646637,-28.769322431530128
2022-02-01,HCHO,Siwalik,96.74734883755588,135.93383825506527,-4.235210791448251,-34.95127862606114
2022-03-01,HCHO,Siwalik,164.67371553142814,136.60571899219224,13.06730691250327,15.000689626732651
2022-04-01,HCHO,Siwalik,202.4321201975365,137.37190672557404,39.409837268880466,25.650376203082004
2022-05-01,HCHO,Siwalik,151.50989589693555,138.2886050119665,10.92395864075414,2.297332244214914
2022-06-01,HCHO,Siwalik,187.83552699890723,139.27362205955447,55.59323264663841,-7.031327707285669
2022-07-01,HCHO,Siwalik,118.88091476435312,140.25394248525976,-16.045338691347073,-5.327689029559565
2022-08-01,HCHO,Siwalik,118.84117355848096,141.30741745698762,-31.50326221301464,9.037018314507975
2022-09-01,HCHO,Siwalik,115.589800564097,142.55102861997514,-23.207150596500412,-3.7540774593777257
2022-10-01,HCHO,Siwalik,106.15949599151833,143.8964731064923,-27.430531693496818,-10.30644542147715
2022-11-01,HCHO,Siwalik,128.0688294260118,145.06068810179647,-15.524728325103627,-1.4671303506810318
2022-12-01,HCHO,Siwalik,141.2173235128894,145.95621827508188,-1.7661858512924467,-2.9727089109000246
2023-01-01,HCHO,Siwalik,148.99095832512856,146.71258115458738,-6.065458471597453,8.343835642138629
2023-02-01,HCHO,Siwalik,153.54869052656252,147.36810655696902,-3.5205281095551437,9.70111207914863
2023-03-01,HCHO,Siwalik,173.89587419879274,147.93807728591244,17.59442326532985,8.363373647550446
2023-04-01,HCHO,Siwalik,231.30495295383648,148.43919520761023,47.472892585856705,35.39286516036955
2023-05-01,HCHO,Siwalik,193.833009428164,148.87051692024272,12.633249184591145,32.32924332333013
2023-06-01,HCHO,Siwalik,202.49170000959137,149.21743334011614,55.015511952162704,-1.741245282687487
2023-07-01,HCHO,Siwalik,118.5023819229543,149.3336792715257,-21.19554605430299,-9.635751294268431
2023-08-01,HCHO,Siwalik,119.74397981995304,149.1236005782014,-34.96533496563704,5.5857142073886905
2023-09-01,HCHO,Siwalik,132.92346352280748,148.67496330121207,-21.786502792617394,6.035003014212805
2023-10-01,HCHO,Siwalik,108.2569026234564,148.25661324519658,-27.941761864047635,-12.057948757692543
2023-11-01,HCHO,Siwalik,126.83016944586018,148.1009408814944,-19.7946291130693,-1.4761423225649253
2023-12-01,HCHO,Siwalik,150.24735403896324,148.13026790757888,-1.766344480808426,3.883430612192768
2024-01-01,HCHO,Siwalik,137.615437625295,148.221446407247,-7.4897427130652945,-3.1162660688867163
2024-02-01,HCHO,Siwalik,145.66055854954843,148.38271502562168,-3.9119942266446546,1.1898377505713995
2024-03-01,HCHO,Siwalik,168.4712850247019,148.61516872192806,21.35787755348467,-1.5017612507108424
2024-04-01,HCHO,Siwalik,306.0928898416328,148.86909988340122,55.27935588068944,101.94443407754218
2024-05-01,HCHO,Siwalik,244.0825251854387,149.18363155502885,14.151694885377305,80.74719874503253
2024-06-01,HCHO,Siwalik,222.455629481535,149.6070114694678,55.02929055644148,17.81932745562571
2024-07-01,HCHO,Siwalik,115.3295299219113,150.055670450417,-25.356301920399755,-9.369838608105965
2024-08-01,HCHO,Siwalik,108.98229471838032,150.44108393444446,-38.43801446318362,-3.020774752880527
2024-09-01,HCHO,Siwalik,131.1615836163653,150.83206753083047,-20.348507882256985,0.6780239677918303
2024-10-01,HCHO,Siwalik,125.50991471879556,151.28941083761157,-28.36159483009618,2.5820987112801674
2024-11-01,HCHO,Siwalik,130.1469871432712,151.80862337131836,-24.028697975361286,2.367061747314125
2024-12-01,HCHO,Siwalik,145.53118707705764,152.33650053983646,-1.6087881468006782,-5.1965253159781355
2025-01-01,HCHO,Siwalik,147.74486449171656,152.72197124057917,-9.06903346489532,4.091926716032702
2025-02-01,HCHO,Siwalik,150.51218200886598,152.95415983462405,-4.6420809962539336,2.2001031704958507
2025-03-01,HCHO,Siwalik,172.73409647081704,153.08687745216645,24.513446284417522,-4.866227265766923
2025-04-01,HCHO,Siwalik,218.3957809742122,153.06976410954715,63.07690986996467,2.2491069947003552
2025-05-01,HCHO,Siwalik,176.17800824311217,152.76738500847225,15.766392816766475,7.644230417873445
2025-06-01,HCHO,Siwalik,157.93399861177627,152.15120592364062,55.359234941086186,-49.57644225295053
2025-07-01,HCHO,Siwalik,126.1944274906169,151.29009415502617,-29.306472167655134,4.210805503245865
2025-08-01,HCHO,Siwalik,107.77173470830236,150.1754309320129,-42.02203071526656,-0.38166550844397307
2025-09-01,HCHO,Siwalik,128.7233842167739,148.79171559543465,-18.880715541825023,-1.1876158368357324
2025-10-01,HCHO,Siwalik,125.78317170455138,147.21366695281108,-28.47304690164297,7.042551653383271
2025-11-01,HCHO,Siwalik,146.43014425035338,145.40284836549455,-28.153351128349488,29.18064701320833
2025-12-01,HCHO,Siwalik,147.81028672774798,143.71809565485103,-1.297566483694074,5.389757556591036
2026-01-01,HCHO,Siwalik,127.97622877092137,142.03462544350305,-10.787489643172364,-3.2709070294093294
2026-02-01,HCHO,Siwalik,128.4809804466303,140.3259583200827,-5.752385686694749,-6.092592186757656
2026-03-01,HCHO,Siwalik,120.8308463369952,138.59086967825255,27.042779296586588,-44.80280263784394
2026-04-01,HCHO,Siwalik,206.57346403360745,136.83660702227274,70.85030172932036,-1.113444717985658
2026-05-01,HCHO,Siwalik,147.74837134321317,135.07093555513356,17.43129522942715,-4.753859441347544
2026-06-01,HCHO,Siwalik,187.8711568376476,133.3020832642443,55.84987640056602,-1.2808028271627165
2026-07-01,HCHO,Siwalik,107.55006950836233,131.540120734656,-32.82520952250825,8.835158296214587
2026-08-01,HCHO,Siwalik,84.20527369407299,129.79327436190778,-45.72466482360781,0.13666415577301905
2019-01-01,HCHO,Terai,187.845002082936,193.53980887430404,-21.192708052582784,15.497901261214736
2019-02-01,HCHO,Terai,167.84109832290156,190.8771683259671,-15.712285861986782,-7.323784141078761
2019-03-01,HCHO,Terai,194.9885742883912,188.24445529594644,5.475770202698704,1.2683487897460566
2019-04-01,HCHO,Terai,211.69608653550813,185.6389013539833,30.505544751158798,-4.448359569633965
2019-05-01,HCHO,Terai,292.7331953668195,183.05942633160808,23.67298905966915,86.00077997554226
2019-06-01,HCHO,Terai,247.80930918148968,180.509113737124,66.14564908065154,1.1545463637141324
2019-07-01,HCHO,Terai,175.37353059281955,177.9942379489108,-3.794960484878876,1.174253128787626
2019-08-01,HCHO,Terai,142.01641844802174,175.5238674533858,-34.12612150268771,0.6186724973236437
2019-09-01,HCHO,Terai,123.62883405251534,173.11137398465428,-39.41286877818045,-10.069671153958495
2019-10-01,HCHO,Terai,136.18836348382803,170.7912678933235,-33.94325370057495,-0.659650708920509
2019-11-01,HCHO,Terai,190.29337803167468,168.6989141390003,18.537200239695895,3.0572636529784916
2019-12-01,HCHO,Terai,166.60460406064416,167.53970680770155,0.40214562296479317,-1.3372483700221665
2020-01-01,HCHO,Terai,128.06577555930622,166.9646325266119,-23.717147159478714,-15.181709807826962
2020-02-01,HCHO,Terai,150.85109793892946,166.9286890521561,-13.352977991781982,-2.724613121444662
2020-03-01,HCHO,Terai,164.4195595441231,167.40836885443645,8.876292512054201,-11.865101822367535
2020-04-01,HCHO,Terai,199.2441079390468,168.3539035580998,36.37336871161921,-5.483164330672196
2020-05-01,HCHO,Terai,195.7667655084693,169.60307782082936,25.04874826134884,1.1149394262911017
2020-06-01,HCHO,Terai,179.8965423897681,171.10806533839678,66.36950067082616,-57.581023619454854
2020-07-01,HCHO,Terai,162.969483761299,172.89322509784688,-10.245787573058784,0.3220462365108858
2020-08-01,HCHO,Terai,129.31321461276465,174.9611223819013,-37.150016605266444,-8.497891163870207
2020-09-01,HCHO,Terai,156.05940902271598,177.0346132260928,-37.64713545085809,16.671931247481268
2020-10-01,HCHO,Terai,176.13838690827856,178.8130508566987,-34.590154616952084,31.91549066853193
2020-11-01,HCHO,Terai,194.40566493332545,179.96309346699346,16.005696055358893,-1.5631245890268985
2020-12-01,HCHO,Terai,185.8661651901649,180.50406279621166,0.9659693724557629,4.396133021497491
2021-01-01,HCHO,Terai,152.4147250212974,180.71095298812247,-26.11406355468833,-2.182164412136757
2021-02-01,HCHO,Terai,192.70147354212895,180.80592410547425,-11.186245155852777,23.081794592507492
2021-03-01,HCHO,Terai,247.4520613000153,180.84073763846143,12.013053356181558,54.598270305372296
2021-04-01,HCHO,Terai,277.2140946723739,180.70828235856504,41.68652561638043,54.819286697428424
2021-05-01,HCHO,Terai,202.5034591956668,180.23961581618795,26.345872925592708,-4.0820295461138585
2021-06-01,HCHO,Terai,196.58775176128117,179.51894004307832,66.86191911802608,-49.793107399823214
2021-07-01,HCHO,Terai,160.44940392279642,178.88641291443997,-16.45770332539383,-1.9793056662497293
2021-08-01,HCHO,Terai,137.85598202391992,178.47196455068251,-40.35274001681249,-0.26324250995008924
2021-09-01,HCHO,Terai,140.5067765326232,178.39610838894953,-35.82870894427023,-2.0606229120560897
2021-10-01,HCHO,Terai,146.45471564799757,178.94239722999532,-34.91126914239377,2.4235875603960153
2021-11-01,HCHO,Terai,194.0694777243176,180.02710660021444,13.77864911828136,0.26372200582181904
2021-12-01,HCHO,Terai,169.98357716314231,181.37109331029296,1.4739427001271257,-12.861458847277788
2022-01-01,HCHO,Terai,132.17022999609983,182.70471892596527,-28.57343034607571,-21.961058583789736
2022-02-01,HCHO,Terai,138.05936612765728,183.9286777429736,-8.99240346735693,-36.8769081479594
2022-03-01,HCHO,Terai,213.94826046013424,185.0971343219353,14.992523340958973,13.858602797239968
2022-04-01,HCHO,Terai,246.97926906657315,186.32902605663162,46.599575266874496,14.050667743067038
2022-05-01,HCHO,Terai,210.550267910296,187.77406751683216,27.410650836519764,-4.634450443055954
2022-06-01,HCHO,Terai,255.16305211541723,189.4428631097968,67.52197731665677,-1.801788311036347
2022-07-01,HCHO,Terai,168.24910010584836,191.25401139370683,-22.396862373294148,-0.6080489145643355
2022-08-01,HCHO,Terai,157.04181148816934,193.09459311098811,-43.60765486502735,7.554873242208572
2022-09-01,HCHO,Terai,156.68266627892376,194.82035867622994,-33.97154279818311,-4.1661495991230595
2022-10-01,HCHO,Terai,148.57734592978434,196.27733987696763,-34.92877249137622,-12.771221455807051
2022-11-01,HCHO,Terai,204.75349411911628,197.42948799129073,11.929580071007258,-4.605573943181696
2022-12-01,HCHO,Terai,200.29883694308148,198.39433972749643,1.8216679280661963,0.0828292875188481
2023-01-01,HCHO,Terai,185.2190102991404,199.26344641111854,-30.476754072438123,16.432317960459983
2023-02-01,HCHO,Terai,195.90071874198173,199.9692853014978,-7.585842645148326,3.517276085632261
2023-03-01,HCHO,Terai,222.86132688286008,200.43721050946613,17.697182071023644,4.726934302370324
2023-04-01,HCHO,Terai,261.6652828866266,200.7493412661936,50.66388651011825,10.252055110314728
2023-05-01,HCHO,Terai,239.19956710789285,200.8938987156259,27.804189805732722,10.501478586534205
2023-06-01,HCHO,Terai,251.6392885352409,200.784994432228,68.50675561482987,-17.652461511816966
2023-07-01,HCHO,Terai,166.2682824106549,200.29154879650758,-27.41972232227289,-6.60354406357979
2023-08-01,HCHO,Terai,160.78837031410575,199.41980428594906,-46.56293193664386,7.931497964800542
2023-09-01,HCHO,Terai,170.98972752843196,198.34621766659106,-32.56033252061578,5.203842382456685
2023-10-01,HCHO,Terai,155.44739874951068,197.40194118325354,-34.233188253937904,-7.721354179804962
2023-11-01,HCHO,Terai,197.96097566537736,196.78603276534315,11.215373808475391,-10.04043090844118
2023-12-01,HCHO,Terai,216.2953221638137,196.44399144587416,1.7777509311166313,18.073579786822904
2024-01-01,HCHO,Terai,159.59505374529652,196.30362541914712,-31.62727892228832,-5.081292751562273
2024-02-01,HCHO,Terai,187.52391072072288,196.35929957778762,-7.438510203409755,-1.3968786536549942
2024-03-01,HCHO,Terai,208.56942622576184,196.54693474351916,19.544629799235807,-7.522138316993107
2024-04-01,HCHO,Terai,300.8828803277172,196.80393354385933,53.85583036400241,50.22311641985547
2024-05-01,HCHO,Terai,284.60213386918946,197.24336298947892,27.861148013759465,59.49762286595106
2024-06-01,HCHO,Terai,288.0682265615525,197.96329995756693,70.06494214690355,20.039984457082
2024-07-01,HCHO,Terai,160.95762637646862,198.85580961997073,-31.661308429701183,-6.23687481380091
2024-08-01,HCHO,Terai,141.21618037788875,199.7189220196428,-49.30320125864996,-9.199540383104107
2024-09-01,HCHO,Terai,166.34082234189208,200.57178611565342,-31.175270655676137,-3.055693118085202
2024-10-01,HCHO,Terai,174.01294785677828,201.47489724096874,-33.307688513184466,5.845739128994012
2024-11-01,HCHO,Terai,211.87387685604747,202.2156656264278,10.663833382839993,-1.0056221532203153
2024-12-01,HCHO,Terai,205.3719404223324,202.58173908710944,1.8631402201585106,0.927061115064447
2025-01-01,HCHO,Terai,178.47186013349832,202.55925651195574,-32.62725937861192,8.539863000154497
2025-02-01,HCHO,Terai,202.85563780319453,202.3538789933683,-7.583409954675475,8.085168764501702
2025-03-01,HCHO,Terai,229.67893783267527,202.1252308168205,20.88371414648926,6.669992869365501
2025-04-01,HCHO,Terai,246.21903302616545,201.79561162423602,56.60586278658742,-12.182441384657977
2025-05-01,HCHO,Terai,234.7822409430832,201.1823373469992,27.960786637559277,5.639116958524738
2025-06-01,HCHO,Terai,221.1969698179012,200.23462741632622,72.02021861690422,-51.05787621532923
2025-07-01,HCHO,Terai,165.2651498828449,199.01242061908138,-35.74307189437587,1.9958011581393862
2025-08-01,HCHO,Terai,135.94763950697447,197.63642608742313,-52.2359292718951,-9.452857308553547
2025-09-01,HCHO,Terai,167.51599587962116,196.19641894521016,-29.806911071911316,1.1264880063223188
2025-10-01,HCHO,Terai,166.43078433791092,194.8679465414501,-32.00176217841544,3.5645999748762733
2025-11-01,HCHO,Terai,214.2267262995433,194.1626084058718,10.405364583577377,9.658753310094113
2025-12-01,HCHO,Terai,190.0750142714233,193.77115124074973,1.9449054918594273,-5.641042461185862
2026-01-01,HCHO,Terai,154.86464917019603,193.442393458501,-33.539454678511845,-5.038289609793111
2026-02-01,HCHO,Terai,177.3487915653259,193.12666329267168,-7.978241667366666,-7.799630059979108
2026-03-01,HCHO,Terai,182.02376472561792,192.81686868572612,21.841263511232473,-32.63436747134068
2026-04-01,HCHO,Terai,253.56153606666956,192.5185729955171,58.843926830620845,2.1990362405315977
2026-05-01,HCHO,Terai,213.42706265815875,192.24154544274415,28.003772512097296,-6.8182552966827075
2026-06-01,HCHO,Terai,264.523076894562,191.9950482423611,74.23566454173042,-1.707635889529513
2026-07-01,HCHO,Terai,158.4855887933249,191.79118593988895,-39.518790649937095,6.2131935033730485
2026-08-01,HCHO,Terai,145.41576828489434,191.64097880972258,-55.27554411551135,9.050333590683124
2019-01-01,UVAI,High_Himal,-0.5049644056394299,-0.3849418592847297,-0.09432269899938522,-0.025699847355314998
2019-02-01,UVAI,High_Himal,-0.3683614780080331,-0.4062640222106445,0.04942872758304257,-0.011526183380431154
2019-03-01,UVAI,High_Himal,-0.0885395897392559,-0.42743290048819765,0.3001067250686226,0.03878658568031912
2019-04-01,UVAI,High_Himal,-0.0628369692114506,-0.4483768227856779,0.35106449386814,0.03447535970608734
2019-05-01,UVAI,High_Himal,-0.0868652156646353,-0.4690520507231663,0.3391317286553907,0.04305510640314031
2019-06-01,UVAI,High_Himal,-0.3322579638134747,-0.4894615318754492,0.1376302290616917,0.019573339000282797
2019-07-01,UVAI,High_Himal,-0.7240395962838919,-0.5096784972184601,-0.17005223103379574,-0.04430886803163603
2019-08-01,UVAI,High_Himal,-0.7978768127205506,-0.5298652950282786,-0.22745677854333252,-0.04055473914893948
2019-09-01,UVAI,High_Himal,-0.7899721660966285,-0.5502852241204236,-0.22174050393440536,-0.017946438041799517
2019-10-01,UVAI,High_Himal,-0.7459730666022117,-0.5713951771709235,-0.04317665439474207,-0.13140123503654622
2019-11-01,UVAI,High_Himal,-0.8534810003811882,-0.5937812585065492,-0.21431782829193324,-0.045381913582705824
2019-12-01,UVAI,High_Himal,-0.7073052025345585,-0.6148524148419744,-0.16333690262246436,0.07088411492988023
2020-01-01,UVAI,High_Himal,-0.6297267107817703,-0.6339446426361172,-0.048899413349644004,0.05311734520399081
2020-02-01,UVAI,High_Himal,-0.5037034692782212,-0.6504772049764658,0.05781699653762997,0.08895673916061464
2020-03-01,UVAI,High_Himal,-0.3969125023475278,-0.6651089614889173,0.28010288462313376,-0.011906425481744254
2020-04-01,UVAI,High_Himal,-0.3810315459544238,-0.6793355213310304,0.3259924379157941,-0.027688462539187553
2020-05-01,UVAI,High_Himal,-0.4615181835613833,-0.694095016412867,0.2860223870560537,-0.05344555420456998
2020-06-01,UVAI,High_Himal,-0.6499847681376787,-0.7096304974468393,0.11218894812707911,-0.05254321881791857
2020-07-01,UVAI,High_Himal,-0.9213582042883838,-0.7257236002058937,-0.19535980764661734,-0.0002747964358728039
2020-08-01,UVAI,High_Himal,-0.9832487717251192,-0.7411366170881296,-0.25406380027587355,0.011951645638884068
2020-09-01,UVAI,High_Himal,-0.9907240379264188,-0.7544869278148104,-0.23827216667676335,0.0020350565651549024
2020-10-01,UVAI,High_Himal,-0.7400522972092578,-0.764170991968109,-0.026120573841260143,0.0502392686001113
2020-11-01,UVAI,High_Himal,-0.9598764272571008,-0.7668709195647969,-0.15476784918588013,-0.03823765850642369
2020-12-01,UVAI,High_Himal,-1.0158389019279082,-0.7599706011494453,-0.10481188523091604,-0.1510564155475469
2021-01-01,UVAI,High_Himal,-0.7667017514723795,-0.745062241347253,-0.0028399414112857653,-0.01879956871384081
2021-02-01,UVAI,High_Himal,-0.7263400682427696,-0.7258921510424453,0.06834916740605074,-0.06879708460637513
2021-03-01,UVAI,High_Himal,-0.637060570735007,-0.704360230633122,0.2615547191264468,-0.19425505922833175
2021-04-01,UVAI,High_Himal,-0.4451235963714272,-0.6815240983479551,0.30183547097750335,-0.06543496900097545
2021-05-01,UVAI,High_Himal,-0.745620545404742,-0.6583914552913949,0.2334449820568072,-0.3206740721701543
2021-06-01,UVAI,High_Himal,-0.8596798602434933,-0.6348073591741695,0.08615047617232632,-0.31102297724165007
2021-07-01,UVAI,High_Himal,-0.7710902535220777,-0.6092388728400315,-0.22075576889604068,0.05890438821399446
2021-08-01,UVAI,High_Himal,-0.8407531967054156,-0.5810390053749452,-0.2808774166998491,0.021163225369378758
2021-09-01,UVAI,High_Himal,-0.7917355842780318,-0.551777620971773,-0.2546136746658381,0.014655711359579215
2021-10-01,UVAI,High_Himal,-0.3590434945378489,-0.5230401629398872,-0.009682809179280879,0.17367947758131919
2021-11-01,UVAI,High_Himal,-0.3909319050459231,-0.49556107254406256,-0.09815788969925898,0.20278705719739842
2021-12-01,UVAI,High_Himal,-0.5519068133590127,-0.4700186345799881,-0.0461163894131314,-0.03577178936589315
2022-01-01,UVAI,High_Himal,-0.5519818836252873,-0.4465548295045699,0.043149787706247354,-0.1485768418269648
2022-02-01,UVAI,High_Himal,-0.4351800671202263,-0.424623501521591,0.07972655757048062,-0.09028312316911591
2022-03-01,UVAI,High_Himal,0.0968402781300612,-0.4028117055320878,0.24299980048339817,0.2566521831787508
2022-04-01,UVAI,High_Himal,-0.0238926820803767,-0.38039105653773925,0.27850738112075085,0.07799099333661169
2022-05-01,UVAI,High_Himal,-0.385957243101693,-0.3565460452857174,0.18062592659952936,-0.21003712441550498
2022-06-01,UVAI,High_Himal,-0.2733251997051146,-0.33011214866221555,0.059454250372821524,-0.00266730141572058
2022-07-01,UVAI,High_Himal,-0.5334229534832587,-0.30058720653322396,-0.24540991682326033,0.012574169873225516
2022-08-01,UVAI,High_Himal,-0.5646664862277629,-0.2704260475390195,-0.30761225027265143,0.013371811583907989
2022-09-01,UVAI,High_Himal,-0.5482691274885677,-0.24378044226354997,-0.2709406423125698,-0.03354804291244792
2022-10-01,UVAI,High_Himal,-0.2350065856912492,-0.22360165140001836,0.006626440539323276,-0.018031374830554087
2022-11-01,UVAI,High_Himal,-0.1369872893063345,-0.20983577881561905,-0.04366942555375318,0.11651791506303773
2022-12-01,UVAI,High_Himal,-0.1123388603454939,-0.20005281845675413,0.012383916124469093,0.07533004198679114
2023-01-01,UVAI,High_Himal,-0.042013249254014,-0.19194718792966817,0.08657239033667417,0.06336154833898
2023-02-01,UVAI,High_Himal,0.1312030186803908,-0.18557441877953273,0.09172478998858215,0.2250526474713414
2023-03-01,UVAI,High_Himal,-0.2933387657917576,-0.18178914292140153,0.22808725956263562,-0.33963688243299167
2023-04-01,UVAI,High_Himal,-0.0199853134379103,-0.18113642825946516,0.2608977443510091,-0.09974662952945426
2023-05-01,UVAI,High_Himal,0.0272115857684105,-0.1835472178613946,0.13259958881957304,0.07815921481023207
2023-06-01,UVAI,High_Himal,-0.1071326315980016,-0.18921796612478606,0.03324780161732629,0.048837532909458164
2023-07-01,UVAI,High_Himal,-0.5203663453502477,-0.19808364746720625,-0.2719381931790835,-0.05034450470395796
2023-08-01,UVAI,High_Himal,-0.5353427327843266,-0.20832939091049738,-0.3356814428265223,0.00866810095269302
2023-09-01,UVAI,High_Himal,-0.4481610376998066,-0.21756531741222757,-0.2877372389428329,0.05714151865525385
2023-10-01,UVAI,High_Himal,-0.2539251106017998,-0.22492071400267202,0.01223243947330802,-0.041236836072435806
2023-11-01,UVAI,High_Himal,-0.2915859800561457,-0.23066770075161977,-0.0012877899634883647,-0.05963048934103757
2023-12-01,UVAI,High_Himal,-0.2440647653746724,-0.23582169975907144,0.07384809916452287,-0.08209116478012382
2024-01-01,UVAI,High_Himal,-0.0430644561131136,-0.24097596352438266,0.1306609624534511,0.06725054495781796
2024-02-01,UVAI,High_Himal,-0.1567930292494913,-0.2451390111833831,0.10667550317429485,-0.018329521240403046
2024-03-01,UVAI,High_Himal,-0.0766744740205029,-0.24686348233672506,0.21863223305184143,-0.04844322473561924
2024-04-01,UVAI,High_Himal,0.0468508967621647,-0.24589308489092349,0.24805633323441428,0.0446876484186739
2024-05-01,UVAI,High_Himal,-0.1659754075496612,-0.24324791209025523,0.09268745361976921,-0.01541494907917515
2024-06-01,UVAI,High_Himal,-0.2182980202453781,-0.2398704179168632,0.00761381679777207,0.013958580873713045
2024-07-01,UVAI,High_Himal,-0.5370689174299031,-0.23699273434993556,-0.302407490225671,0.0023313071457033985
2024-08-01,UVAI,High_Himal,-0.6564396409736094,-0.2363369229592272,-0.3662295954098054,-0.05387312260457683
2024-09-01,UVAI,High_Himal,-0.5962361864839775,-0.23879109970474874,-0.30474763917381237,-0.052697447605416364
2024-10-01,UVAI,High_Himal,-0.1406792530878043,-0.2439515773768133,0.014707306492470673,0.08856501779653833
2024-11-01,UVAI,High_Himal,-0.0268449707044578,-0.25021726458328497,0.0383534018076387,0.18501889207118846
2024-12-01,UVAI,High_Himal,0.0044535618302182,-0.25641549625134585,0.13581310950732897,0.12505594857423508
2025-01-01,UVAI,High_Himal,-0.1613528052412175,-0.2618733264207026,0.17548099695937122,-0.07496047577988613
2025-02-01,UVAI,High_Himal,-0.1042960255428726,-0.2668379198428798,0.12317896575385069,0.03936292854615653
2025-03-01,UVAI,High_Himal,-0.0123604168335089,-0.27219553986857137,0.210403227845447,0.04943189518961549
2025-04-01,UVAI,High_Himal,-0.1298488506085699,-0.2782480302128185,0.23592366026654388,-0.08752448066229523
2025-05-01,UVAI,High_Himal,-0.3504368113285127,-0.2846059179769853,0.054065589069741515,-0.11989648242126888
2025-06-01,UVAI,High_Himal,-0.3912063459115147,-0.2898856820918013,-0.01851475784962785,-0.08280590597008552
2025-07-01,UVAI,High_Himal,-0.6059462172098041,-0.2917294291363914,-0.3331140810096013,0.01889729293618858
2025-08-01,UVAI,High_Himal,-0.6687012495446719,-0.28825270593781305,-0.3977162576216023,0.01726771401474342
2025-09-01,UVAI,High_Himal,-0.5947141750511366,-0.27935690934382224,-0.3219885624641756,0.006631296756861305
2025-10-01,UVAI,High_Himal,-0.313690959671277,-0.265720706521297,0.015846874954493773,-0.06381712810447382
2025-11-01,UVAI,High_Himal,-0.2728050105420641,-0.24353594332719597,0.07536255323414434,-0.10463162044901242
2025-12-01,UVAI,High_Himal,-0.0773512022554131,-0.2217455750905421,0.19873342553201304,-0.05433905269688405
2026-01-01,UVAI,High_Himal,0.0210235398715558,-0.2000113833754037,0.21998606073581412,0.0010488625111453875
2026-02-01,UVAI,High_Himal,-0.0643424467413759,-0.17801574288274985,0.1411187414484637,-0.027445445307089755
2026-03-01,UVAI,High_Himal,0.0317381096338166,-0.1556007435000067,0.20399732518826405,-0.016658472054440765
2026-04-01,UVAI,High_Himal,0.1404041042818483,-0.1326764470421624,0.22459225030671115,0.048488301017299534
2026-05-01,UVAI,High_Himal,-0.0329262253438834,-0.10919957360585425,0.01631518569318397,0.05995816256878688
2026-06-01,UVAI,High_Himal,-0.1118202898674938,-0.08519802790049513,-0.04565763267636495,0.019035370709366284
2026-07-01,UVAI,High_Himal,-0.4418779408559005,-0.060761222602479376,-0.3634578294280827,-0.01765888882533842
2026-08-01,UVAI,High_Himal,-0.8107005724758521,-0.03599156273600605,-0.42904835605717767,-0.3456606536826684
2019-01-01,UVAI,High_Mountains,-0.7804791032501311,-0.7008900751497218,-0.07129102952652698,-0.00829799857388236
2019-02-01,UVAI,High_Mountains,-0.6027336237074605,-0.7281043429720442,0.03764447277044418,0.08772624649413951
2019-03-01,UVAI,High_Mountains,-0.5439903399010431,-0.7548658282428644,0.1792320674608062,0.03164342088101513
2019-04-01,UVAI,High_Mountains,-0.5415569071619193,-0.7811821181531375,0.27323543161345526,-0.033610220622237064
2019-05-01,UVAI,High_Mountains,-0.5473192856542026,-0.8071091503216506,0.21829296977587467,0.04149689489157338
2019-06-01,UVAI,High_Mountains,-0.6772635185757555,-0.8327201043175199,0.160041114499766,-0.004584528758001638
2019-07-01,UVAI,High_Mountains,-0.8617111707996261,-0.8581494197163535,0.09574008565224419,-0.09930183673551685
2019-08-01,UVAI,High_Mountains,-0.9578210203047148,-0.8835962187464691,0.020947054628619285,-0.09517185618686497
2019-09-01,UVAI,High_Mountains,-0.9552063289425592,-0.9092827551528158,-0.014737832041621563,-0.03118574174812183
2019-10-01,UVAI,High_Mountains,-1.1464379472609485,-0.9353487573844145,-0.15763020619013285,-0.05345898368640112
2019-11-01,UVAI,High_Mountains,-1.2768476623070195,-0.9607681180936792,-0.3830722167880101,0.06699267257466979
2019-12-01,UVAI,High_Mountains,-1.2672852253933284,-0.9804786055445968,-0.2893326519284112,0.0025260320796794966
2020-01-01,UVAI,High_Mountains,-0.9229253166242194,-0.998043786148405,-0.04310698984119445,0.11822545936538009
2020-02-01,UVAI,High_Mountains,-1.0141496388304967,-1.0138911870933747,0.03325862713991685,-0.03351707887703892
2020-03-01,UVAI,High_Mountains,-0.9269382044594564,-1.0292210276679887,0.1562762225812321,-0.05399339937269976
2020-04-01,UVAI,High_Mountains,-0.8249788169682336,-1.0458679126593633,0.2594456080095251,-0.0385565123183953
2020-05-01,UVAI,High_Mountains,-0.8666248313413633,-1.064936494099052,0.18227646950471021,0.01603519325297853
2020-06-01,UVAI,High_Mountains,-0.9342082850311868,-1.0855555504983847,0.13263723470220218,0.018710030764995667
2020-07-01,UVAI,High_Mountains,-1.0263310351840975,-1.1048843810989588,0.052299857370318344,0.026253488544542902
2020-08-01,UVAI,High_Mountains,-1.1302213172313944,-1.1202736357261511,-0.0240046470220748,0.014056965516831443
2020-09-01,UVAI,High_Mountains,-1.2202485125270457,-1.131609487769907,-0.05269403426846466,-0.035944990488673945
2020-10-01,UVAI,High_Mountains,-1.2223043598296266,-1.1396220953659704,-0.13814917257616888,0.05546690811251276
2020-11-01,UVAI,High_Mountains,-1.5050629996101392,-1.1428671571585491,-0.27198433156544477,-0.09021151088614543
2020-12-01,UVAI,High_Mountains,-1.4844103707704093,-1.139917527080852,-0.22015755942144996,-0.12433528426810736
2021-01-01,UVAI,High_Mountains,-1.3485633453375532,-1.1307966405283862,-0.012696975715502486,-0.2050697290936645
2021-02-01,UVAI,High_Mountains,-1.1956350154998192,-1.1170072708588221,0.03036361927227752,-0.10899136391327469
2021-03-01,UVAI,High_Mountains,-0.943406032914743,-1.0978777864295959,0.13542325306606623,0.019048500448786587
2021-04-01,UVAI,High_Mountains,-0.8001307690545628,-1.0720514812213258,0.24425740418607828,0.027663307980684726
2021-05-01,UVAI,High_Mountains,-1.0748055733409352,-1.0415220080309384,0.14783143903995957,-0.1811150043499563
2021-06-01,UVAI,High_Mountains,-1.1420731084803506,-1.0092906435400182,0.10499330833771695,-0.23777577327804944
2021-07-01,UVAI,High_Mountains,-0.895378044175663,-0.9754322208223716,0.0082763200147989,0.07177785663190961
2021-08-01,UVAI,High_Mountains,-0.9519103412339256,-0.9393736787230312,-0.07148481253336023,0.058948150022465895
2021-09-01,UVAI,High_Mountains,-0.9292375608181648,-0.9029042011865915,-0.09175458156784116,0.06542122193626798
2021-10-01,UVAI,High_Mountains,-0.6292494124799115,-0.8668629291103122,-0.11858716180963362,0.3562006784400342
2021-11-01,UVAI,High_Mountains,-0.6731489683533459,-0.8312763183234743,-0.15822579024429667,0.31635314021442495
2021-12-01,UVAI,High_Mountains,-0.8930501264599702,-0.7963122960970838,-0.15359761118613482,0.056859780823248385
2022-01-01,UVAI,High_Mountains,-0.8727516208786478,-0.7627589555825763,0.017566833991558253,-0.12755949928762966
2022-02-01,UVAI,High_Mountains,-0.7965681150476438,-0.7325864968610931,0.0267002815317023,-0.09068189971825302
2022-03-01,UVAI,High_Mountains,-0.2839916019768044,-0.7065998622207456,0.11734107954157327,0.3052671807023679
2022-04-01,UVAI,High_Mountains,-0.2648447428117761,-0.6826873180281333,0.22905916813006727,0.18878340708628993
2022-05-01,UVAI,High_Mountains,-0.5960391953523841,-0.6584292849319592,0.11300793434378324,-0.050617844764208164
2022-06-01,UVAI,High_Mountains,-0.5271320804508082,-0.6329566122350826,0.0760462309068606,0.029778300877413844
2022-07-01,UVAI,High_Mountains,-0.5946437854057647,-0.6072394013283865,-0.03481598642126842,0.04741160234389019
2022-08-01,UVAI,High_Mountains,-0.6933192493126524,-0.5834993789387414,-0.12130381490688896,0.011483944532977852
2022-09-01,UVAI,High_Mountains,-0.6949778150613938,-0.5632363761256749,-0.13151468748294415,-0.00022675145277473163
2022-10-01,UVAI,High_Mountains,-0.6852380059446517,-0.547310260726089,-0.09988335292078275,-0.038044392297779894
2022-11-01,UVAI,High_Mountains,-0.6132190321801388,-0.5353217444865817,-0.04134197249767224,-0.03655531519588495
2022-12-01,UVAI,High_Mountains,-0.4724172687832928,-0.5249222618778879,-0.08897254642000425,0.14147753951459935
2023-01-01,UVAI,High_Mountains,-0.4234244760792717,-0.5143556861089256,0.04795421460136282,0.04297699542829103
2023-02-01,UVAI,High_Mountains,-0.2743838204326476,-0.5040823997424037,0.02308059821593518,0.2066179810938209
2023-03-01,UVAI,High_Mountains,-0.5832073800816918,-0.49578911984066054,0.10921462713885755,-0.19663288737988882
2023-04-01,UVAI,High_Mountains,-0.3673387392562759,-0.48994786207850144,0.21274938532809806,-0.09014026250587254
2023-05-01,UVAI,High_Mountains,-0.3344739516683279,-0.4859632883558586,0.08331928486345444,0.06817005182407626
2023-06-01,UVAI,High_Mountains,-0.3933208811741851,-0.48380112551324717,0.04652093905776103,0.04395930528130099
2023-07-01,UVAI,High_Mountains,-0.6057633217747832,-0.4835847080122616,-0.0785111955338139,-0.04366741822870768
2023-08-01,UVAI,High_Mountains,-0.5976384317880681,-0.4844266983451116,-0.18474587422592045,0.071534140782964
2023-09-01,UVAI,High_Mountains,-0.6138892126686458,-0.48459737494790067,-0.17461659244546604,0.04532475472472086
2023-10-01,UVAI,High_Mountains,-0.5560664160104525,-0.4832386893850102,-0.08844770883768076,0.015619982212238481
2023-11-01,UVAI,High_Mountains,-0.5108982628849029,-0.48156572283258775,0.08591795391237972,-0.11525049396469483
2023-12-01,UVAI,High_Mountains,-0.6021115919596546,-0.4808913843665711,-0.031456006084274374,-0.08976420150880915
2024-01-01,UVAI,High_Mountains,-0.2897626318083492,-0.4818201717008756,0.0844532592007765,0.10760428069174988
2024-02-01,UVAI,High_Mountains,-0.4630857220156177,-0.4827001188127104,0.022711615456391585,-0.003097218659298906
2024-03-01,UVAI,High_Mountains,-0.4450155606948447,-0.48169239662578656,0.10781401717851527,-0.0711371812475734
2024-04-01,UVAI,High_Mountains,-0.249855482595263,-0.4783748119586619,0.19327553651098786,0.03524379285241103
2024-05-01,UVAI,High_Mountains,-0.3854053287555948,-0.473299745562149,0.06255812927269784,0.02533628753385636
2024-06-01,UVAI,High_Mountains,-0.4260665429504925,-0.46689903720350173,0.018155013088731287,0.022677481164277924
2024-07-01,UVAI,High_Mountains,-0.6575610342090022,-0.4608464579687782,-0.12480015915294611,-0.07191441708727797
2024-08-01,UVAI,High_Mountains,-0.7419142854481295,-0.4573206976287867,-0.262001440930507,-0.022592146888835873
2024-09-01,UVAI,High_Mountains,-0.7425148576628209,-0.4574477619388675,-0.21858443888245252,-0.0664826568415009
2024-10-01,UVAI,High_Mountains,-0.4475257391298754,-0.4605411760571102,-0.07756506597844322,0.09058050290567798
2024-11-01,UVAI,High_Mountains,-0.1391068059842436,-0.4647285330693812,0.21597195503782093,0.10964977204731668
2024-12-01,UVAI,High_Mountains,-0.2027588192525473,-0.46853298985079717,0.024630900166895627,0.24114327043135425
2025-01-01,UVAI,High_Mountains,-0.4342159327479864,-0.47142497318891335,0.12381870216391436,-0.0866096617229874
2025-02-01,UVAI,High_Mountains,-0.3554190984862792,-0.4737057719914982,0.024316630881881286,0.09397004262333775
2025-03-01,UVAI,High_Mountains,-0.3505495678820117,-0.4763753708590959,0.10743943071337154,0.018386372263712703
2025-04-01,UVAI,High_Mountains,-0.3776478560520648,-0.4803391846155106,0.17262859972570083,-0.06993727116225501
2025-05-01,UVAI,High_Mountains,-0.565597072099473,-0.48533815174433453,0.043522715275236656,-0.12378163563037509
2025-06-01,UVAI,High_Mountains,-0.575858617013072,-0.4899326164719247,-0.01043609033031245,-0.07548991021083479
2025-07-01,UVAI,High_Mountains,-0.6788963421456503,-0.49158517383456085,-0.17231628184102749,-0.01499488647006203
2025-08-01,UVAI,High_Mountains,-0.7187971026277495,-0.4883290395558667,-0.3416120888190354,0.11114402574715254
2025-09-01,UVAI,High_Mountains,-0.7363847710969338,-0.4801736025904663,-0.26416883110241696,0.007957662595949488
2025-10-01,UVAI,High_Mountains,-0.6105274509307633,-0.4684448341156538,-0.0671658773742897,-0.07491673944081984
2025-11-01,UVAI,High_Mountains,-0.8106592779772482,-0.45115396213492504,0.3508548324240265,-0.7103601482663497
2025-12-01,UVAI,High_Mountains,-0.4286603086050439,-0.4360717448332176,0.07892338063654161,-0.07151194440836789
2026-01-01,UVAI,High_Mountains,-0.242212524614681,-0.4219520016175352,0.16377623410946587,0.015963242893388352
2026-02-01,UVAI,High_Mountains,-0.4811064887808038,-0.4080888917655489,0.02602672435097034,-0.09904432136622526
2026-03-01,UVAI,High_Mountains,-0.2198269895530693,-0.39416508856149013,0.11016524016270997,0.06417285884571083
2026-04-01,UVAI,High_Mountains,-0.1929745160058015,-0.3799960918509703,0.1510084943701895,0.03601308147497928
2026-05-01,UVAI,High_Mountains,-0.2827574999717894,-0.3655306315187849,0.02488471609272233,0.0578884154542732
2026-06-01,UVAI,High_Mountains,-0.3697392181814509,-0.3508027288965871,-0.04015257904059454,0.02121608975573075
2026-07-01,UVAI,High_Mountains,-0.500095040478474,-0.33590468552812697,-0.21942358050887897,0.055233225558531995
2026-08-01,UVAI,High_Mountains,-0.8961397933155167,-0.32095758964953536,-0.423699327371377,-0.15148287629460438
2019-01-01,UVAI,Middle_Mountains,-1.0478240167506012,-1.0069526359906813,-0.07363683812610952,0.03276545736618963
2019-02-01,UVAI,Middle_Mountains,-1.1506782319352278,-1.0378318197605096,-0.12255643646779323,0.009710024293074992
2019-03-01,UVAI,Middle_Mountains,-1.215635003755274,-1.06838335900597,-0.147136093438096,-0.00011555131120788431
2019-04-01,UVAI,Middle_Mountains,-1.0063701816809487,-1.0985996058882124,0.06535584669876715,0.026873577508496505
2019-05-01,UVAI,Middle_Mountains,-0.9644305214960014,-1.128481111301407,0.13128035448699854,0.03277023531840717
2019-06-01,UVAI,Middle_Mountains,-1.0937688597896271,-1.1580576805821974,0.1206593163740197,-0.056370495581449465
2019-07-01,UVAI,Middle_Mountains,-1.0270960840270025,-1.1873964476115058,0.21425590257748023,-0.05395553899297689
2019-08-01,UVAI,Middle_Mountains,-1.2115732757546267,-1.216561421341724,0.0899706852204837,-0.08498253963338653
2019-09-01,UVAI,Middle_Mountains,-1.1656330952483298,-1.245590117002049,0.048571229326398596,0.031385792427320425
2019-10-01,UVAI,Middle_Mountains,-1.391013845413384,-1.274395482280179,-0.14173644181689424,0.025118078683689316
2019-11-01,UVAI,Middle_Mountains,-1.344365667865243,-1.3020770062413551,0.002966652420368211,-0.04525531404425598
2019-12-01,UVAI,Middle_Mountains,-1.4509084564243886,-1.3200276426757227,-0.19716158798974315,0.06628077424107714
2020-01-01,UVAI,Middle_Mountains,-1.4480751529053162,-1.333819257364389,0.0007127368202187422,-0.11496863236114585
2020-02-01,UVAI,Middle_Mountains,-1.483181742100219,-1.3448587609180478,-0.08554354385845853,-0.05277943732371271
2020-03-01,UVAI,Middle_Mountains,-1.5422738895156978,-1.3544397033040663,-0.115893098922499,-0.07194108728913262
2020-04-01,UVAI,Middle_Mountains,-1.338020277798068,-1.3632687570148194,0.07621933365628206,-0.050970854439530644
2020-05-01,UVAI,Middle_Mountains,-1.326306247401229,-1.3709592419190948,0.09309960622151016,-0.04844661170364439
2020-06-01,UVAI,Middle_Mountains,-1.278181048327374,-1.3755670487146916,0.07028102299715287,0.02710497739016482
2020-07-01,UVAI,Middle_Mountains,-1.155853094176634,-1.3720920183310157,0.12850803546716277,0.08773088868721879
2020-08-01,UVAI,Middle_Mountains,-1.2730011203118006,-1.3582560745399077,0.024085430194112543,0.06116952403399467
2020-09-01,UVAI,Middle_Mountains,-1.4326732817420995,-1.338404320774812,-0.02921318767451344,-0.06505577329277412
2020-10-01,UVAI,Middle_Mountains,-1.5888327517394176,-1.3161258492785586,-0.13962359432687338,-0.13308330813398572
2020-11-01,UVAI,Middle_Mountains,-1.6403136653752888,-1.2916373662134193,0.054593916481251524,-0.40327021564312093
2020-12-01,UVAI,Middle_Mountains,-1.5115461951415232,-1.26474846965539,-0.08593108630967461,-0.1608666391764586
2021-01-01,UVAI,Middle_Mountains,-1.527456604423554,-1.2373412118447646,0.0734598410023555,-0.36357523358114485
2021-02-01,UVAI,Middle_Mountains,-1.530513852095034,-1.2105927065517366,-0.04918894841600205,-0.27073219712729557
2021-03-01,UVAI,Middle_Mountains,-1.1699879888849791,-1.1828874218492913,-0.08391503517743343,0.09681446814174555
2021-04-01,UVAI,Middle_Mountains,-1.0713633280786696,-1.1511322653619018,0.08780222716236866,-0.00803328987913643
2021-05-01,UVAI,Middle_Mountains,-1.428476350250096,-1.113977512117325,0.05573841864181031,-0.3702372567745813
2021-06-01,UVAI,Middle_Mountains,-1.394571692622313,-1.0733134053184967,0.01959380762977577,-0.34085209493359203
2021-07-01,UVAI,Middle_Mountains,-1.01616950338263,-1.0333964232541843,0.04479176585232937,-0.02756484598077491
2021-08-01,UVAI,Middle_Mountains,-1.01461432419885,-0.9963474834316399,-0.04199421131763008,0.023727370550420068
2021-09-01,UVAI,Middle_Mountains,-1.0630840759373454,-0.9626787439295952,-0.10623136341175941,0.005826031404009169
2021-10-01,UVAI,Middle_Mountains,-0.7272037605719237,-0.9318183293125396,-0.13927935868266159,0.3438939274232775
2021-11-01,UVAI,Middle_Mountains,-0.2787275532815122,-0.9023595188647734,0.10438162195128732,0.5192503436319739
2021-12-01,UVAI,Middle_Mountains,-0.414478885017788,-0.8737861588855808,0.025331068939095085,0.43397620492869765
2022-01-01,UVAI,Middle_Mountains,-0.7092110262732053,-0.8456146165090166,0.14441845714489793,-0.008014866909086704
2022-02-01,UVAI,Middle_Mountains,-0.7614391164230189,-0.8175656586598232,-0.013320697806568249,0.06944724004337255
2022-03-01,UVAI,Middle_Mountains,-0.3525683013719035,-0.7889290470673509,-0.049968544632790844,0.48632929032823824
2022-04-01,UVAI,Middle_Mountains,-0.2051112916546071,-0.7603128273935421,0.09955619965522626,0.4556453360837088
2022-05-01,UVAI,Middle_Mountains,-0.7652192640055295,-0.7325975733108442,0.01837625819778491,-0.050997948892470224
2022-06-01,UVAI,Middle_Mountains,-0.7078132849588773,-0.7049492273322522,-0.030964706297390045,0.028100648670764894
2022-07-01,UVAI,Middle_Mountains,-0.7132934454918197,-0.6790266439459005,-0.03691889689462224,0.002652095348703032
2022-08-01,UVAI,Middle_Mountains,-0.8286094055332458,-0.659003084444342,-0.10844608451161486,-0.06116023657728897
2022-09-01,UVAI,Middle_Mountains,-0.8491746450771637,-0.6452342199400427,-0.18245115791818586,-0.02148926721893507
2022-10-01,UVAI,Middle_Mountains,-0.6717015472847242,-0.6351856341073684,-0.14032174994980592,0.10380583677245014
2022-11-01,UVAI,Middle_Mountains,-0.2737431442875657,-0.6268860414221514,0.15458401131553706,0.19855888581904868
2022-12-01,UVAI,Middle_Mountains,-0.1388901146046247,-0.6183279265763468,0.13533930093976196,0.3440985110319602
2023-01-01,UVAI,Middle_Mountains,-0.2484239222454096,-0.6087703649312248,0.21383914879481483,0.14650729389100037
2023-02-01,UVAI,Middle_Mountains,-0.2380666164743911,-0.598798323025198,0.021406017064144096,0.3393256894866628
2023-03-01,UVAI,Middle_Mountains,-0.6898400756163892,-0.5899752704337416,-0.012435224118512321,-0.08742958106413523
2023-04-01,UVAI,Middle_Mountains,-0.516252417989948,-0.5835241282032949,0.1114059892293052,-0.044134279015958344
2023-05-01,UVAI,Middle_Mountains,-0.5881225650854106,-0.5807404558655787,-0.015677971735638722,0.008295862515806718
2023-06-01,UVAI,Middle_Mountains,-0.6862977201287769,-0.581093340106615,-0.08414868869278584,-0.021055691329376125
2023-07-01,UVAI,Middle_Mountains,-0.7584860654127312,-0.5811533766176751,-0.11308494144347803,-0.06424774735157812
2023-08-01,UVAI,Middle_Mountains,-0.675012337850281,-0.5783763176889403,-0.18131988419173486,0.08468386403039407
2023-09-01,UVAI,Middle_Mountains,-0.8014751347963701,-0.5727292182949727,-0.2537029323343729,0.024957015832975493
2023-10-01,UVAI,Middle_Mountains,-0.7175840987255442,-0.5651947202638962,-0.14341197227557423,-0.008977406186073789
2023-11-01,UVAI,Middle_Mountains,-0.3688069957855516,-0.5573945601981681,0.19257693246196805,-0.0039893680493515715
2023-12-01,UVAI,Middle_Mountains,-0.2993869445389001,-0.5512625840687893,0.25319799337061244,-0.0013223538407232116
2024-01-01,UVAI,Middle_Mountains,-0.2487942539677676,-0.5475119594951002,0.282699469432269,0.016018236095063698
2024-02-01,UVAI,Middle_Mountains,-0.5456159683597543,-0.545380668432824,0.053666981191439436,-0.05390228111836981
2024-03-01,UVAI,Middle_Mountains,-0.5392015241275885,-0.5439694298413157,0.026337888547009834,-0.021569982833282597
2024-04-01,UVAI,Middle_Mountains,-0.2008193407850416,-0.5430062125146868,0.12441009377310323,0.217776777956542
2024-05-01,UVAI,Middle_Mountains,-0.5144765403478117,-0.5421905968308195,-0.04363737002413824,0.0713514265071461
2024-06-01,UVAI,Middle_Mountains,-0.6402293813757268,-0.5406748943078249,-0.14077745723855875,0.04122297017065679
2024-07-01,UVAI,Middle_Mountains,-0.7615161859397173,-0.5388040289262571,-0.18363238446035693,-0.03907977255310324
2024-08-01,UVAI,Middle_Mountains,-0.8459931734466531,-0.5374946827674187,-0.2597845373656571,-0.04871395331357731
2024-09-01,UVAI,Middle_Mountains,-0.923065170035891,-0.5377420677661794,-0.3236563868693698,-0.06166671540034174
2024-10-01,UVAI,Middle_Mountains,-0.6559258339021993,-0.5400792650748114,-0.14709163699065753,0.031245068163269663
2024-11-01,UVAI,Middle_Mountains,-0.2689457077353426,-0.5440764815575265,0.22584143794834569,0.049289335873838214
2024-12-01,UVAI,Middle_Mountains,-0.1728888698118728,-0.5480835222152632,0.37342843308793594,0.0017662193154545092
2025-01-01,UVAI,Middle_Mountains,-0.260518901263604,-0.55038591016838,0.3502908007723251,-0.06042379186754909
2025-02-01,UVAI,Middle_Mountains,-0.353867470728623,-0.5507911859870332,0.08537104273583272,0.1115526725225775
2025-03-01,UVAI,Middle_Mountains,-0.4634242926503581,-0.5501195108316671,0.06587423068230316,0.02082098749900585
2025-04-01,UVAI,Middle_Mountains,-0.4094315132029151,-0.5490465423289265,0.13893181918959577,0.0006832099364155741
2025-05-01,UVAI,Middle_Mountains,-0.7749152255127949,-0.548039395718292,-0.06980012170406986,-0.15707570809043303
2025-06-01,UVAI,Middle_Mountains,-0.8030891349675965,-0.5470890728332742,-0.19774995517226437,-0.0582501069620579
2025-07-01,UVAI,Middle_Mountains,-0.8322245865500625,-0.5452866643290144,-0.2526804372683816,-0.03425748495266645
2025-08-01,UVAI,Middle_Mountains,-0.7968596080581167,-0.5415597364161817,-0.338362836401736,0.08306296475980096
2025-09-01,UVAI,Middle_Mountains,-0.8904290674074259,-0.535225472380956,-0.3926797578419758,0.037476162815505865
2025-10-01,UVAI,Middle_Mountains,-0.7331222303668091,-0.5261098320293799,-0.15207221716520394,-0.05494018117222532
2025-11-01,UVAI,Middle_Mountains,-0.3368291183610496,-0.5106477270239228,0.2543241735519004,-0.08050556488902727
2025-12-01,UVAI,Middle_Mountains,0.0036858765231203,-0.49528330298376294,0.49568326357931436,0.003285915927568883
2026-01-01,UVAI,Middle_Mountains,-0.0696031205719056,-0.4802146908609377,0.41565168093586474,-0.0050401106468326295
2026-02-01,UVAI,Middle_Mountains,-0.4083870043238218,-0.46520325114394134,0.11695590852887884,-0.060139661708759284
2026-03-01,UVAI,Middle_Mountains,-0.3245618372012804,-0.4500956253518732,0.10748257362488826,0.018051214525704518
2026-04-01,UVAI,Middle_Mountains,-0.3058753682433507,-0.4347814650735369,0.1541467176878147,-0.02524062085762857
2026-05-01,UVAI,Middle_Mountains,-0.4747664567887418,-0.41920171175326026,-0.09528507754419302,0.03972033250871149
2026-06-01,UVAI,Middle_Mountains,-0.6415034697874659,-0.4033224717124314,-0.2551140387617,0.016933040686665568
2026-07-01,UVAI,Middle_Mountains,-0.6196227654364744,-0.38715184119900026,-0.3190388166287024,0.08656789239122825
2026-08-01,UVAI,Middle_Mountains,-0.8480307205674228,-0.3707349365023656,-0.41684312268359636,-0.060452661381460826
2019-01-01,UVAI,Siwalik,-0.9500934746567584,-1.014481297297776,0.030137566630862297,0.03425025601015519
2019-02-01,UVAI,Siwalik,-1.1279204991694671,-1.05103275933112,-0.038851688594700645,-0.03803605124364662
2019-03-01,UVAI,Siwalik,-1.0660889409543155,-1.087435011385041,-0.00957503426286397,0.03092110469358955
2019-04-01,UVAI,Siwalik,-1.0329459630010591,-1.123653523457876,0.12055078686516885,-0.02984322640835191
2019-05-01,UVAI,Siwalik,-0.736765409371288,-1.1596521479068225,0.40292201255447285,0.019964725981061582
2019-06-01,UVAI,Siwalik,-1.2345772941458928,-1.1953699796673625,-0.05587118414191156,0.01666386966338118
2019-07-01,UVAI,Siwalik,-1.214038016077319,-1.2307365756899364,0.032185624352109005,-0.015487064739491574
2019-08-01,UVAI,Siwalik,-1.520892921108241,-1.2656743229460032,-0.2250446169197438,-0.03017398124249393
2019-09-01,UVAI,Siwalik,-1.4137656254843527,-1.3000697697151014,-0.18389547551314778,0.07019961974389655
2019-10-01,UVAI,Siwalik,-1.534090070102578,-1.3337300423608032,-0.15180971367990526,-0.04855031406186949
2019-11-01,UVAI,Siwalik,-1.3796409359031048,-1.366247736345821,0.031346645141245424,-0.04473984469852921
2019-12-01,UVAI,Siwalik,-1.3953678363517512,-1.3861653122366986,0.017962859972814955,-0.027165384087867617
2020-01-01,UVAI,Siwalik,-1.4330274661144895,-1.4003374474501333,0.06824594659827421,-0.10093596526263049
2020-02-01,UVAI,Siwalik,-1.444354117937917,-1.4111389209601701,0.010776857019290254,-0.043992053997037095
2020-03-01,UVAI,Siwalik,-1.5464408101998923,-1.4187797427666022,0.02181378188661736,-0.1494748493199074
2020-04-01,UVAI,Siwalik,-1.279388358853828,-1.4224676638734997,0.17909014533654474,-0.03601084031687307
2020-05-01,UVAI,Siwalik,-1.4982004052910525,-1.4210996043056214,0.3363214212356292,-0.4134222222210602
2020-06-01,UVAI,Siwalik,-1.5521194432770975,-1.4115423137638061,-0.052043196104818654,-0.08853393340847271
2020-07-01,UVAI,Siwalik,-1.414339782153532,-1.3844555540289527,-0.07203341750935663,0.04214918938477741
2020-08-01,UVAI,Siwalik,-1.6101810347550165,-1.34067597284978,-0.2731305298363661,0.003625467931129389
2020-09-01,UVAI,Siwalik,-1.6368279312485952,-1.294260977405393,-0.24282293249715756,-0.09974402134604454
2020-10-01,UVAI,Siwalik,-1.7298438564262382,-1.2487857023999163,-0.14779491738871944,-0.3332632366376025
2020-11-01,UVAI,Siwalik,-1.587822798940919,-1.2046242361963826,0.06101469670541878,-0.44421325944995527
2020-12-01,UVAI,Siwalik,-1.5231333488710592,-1.1619005530649824,0.08042710294210252,-0.44165989874817924
2021-01-01,UVAI,Siwalik,-1.5565236575137913,-1.1196238115987875,0.10653063703588689,-0.5434304829508907
2021-02-01,UVAI,Siwalik,-1.4863786911360066,-1.0760115704913125,0.05789268624752364,-0.4682598068922179
2021-03-01,UVAI,Siwalik,-0.9322296172110978,-1.030718690260634,0.054068763876739985,0.04442030917279627
2021-04-01,UVAI,Siwalik,-0.7117019663960571,-0.9832606518476497,0.236201266808663,0.03535741864292952
2021-05-01,UVAI,Siwalik,-1.5953621412089771,-0.9347845773803143,0.2728213480867057,-0.9333989119153685
2021-06-01,UVAI,Siwalik,-1.6064412544100424,-0.8935439502879463,-0.0490709047078131,-0.663826399414283
2021-07-01,UVAI,Siwalik,-1.0644298506921124,-0.8580810297234797,-0.17389220385553458,-0.03245661711309811
2021-08-01,UVAI,Siwalik,-1.1389731323951404,-0.8229997513432677,-0.32153371401705416,0.005560332965181547
2021-09-01,UVAI,Siwalik,-1.0926445204348356,-0.789140229758571,-0.3005505360139792,-0.002953754662285424
2021-10-01,UVAI,Siwalik,-0.6239056746214844,-0.7575890142615532,-0.1455241465958772,0.27920748623594605
2021-11-01,UVAI,Siwalik,-0.2510438098353573,-0.7290996395835524,0.08933243859113539,0.38872339115705973
2021-12-01,UVAI,Siwalik,-0.1692691514879326,-0.7029760642321152,0.14304347598615277,0.39066343675802984
2022-01-01,UVAI,Siwalik,-0.5160889805120211,-0.677873449558313,0.14497364172858745,0.016810827317704335
2022-02-01,UVAI,Siwalik,-0.4545261489937728,-0.6521787010403404,0.10376965891855336,0.09388289312801423
2022-03-01,UVAI,Siwalik,0.0394813172035669,-0.6246688939391414,0.08719860834725275,0.5769516027954555
2022-04-01,UVAI,Siwalik,0.3836990514766553,-0.5963327619378727,0.2923434720559253,0.6876883413586026
2022-05-01,UVAI,Siwalik,-0.5531532922941637,-0.5699393021850913,0.20973463958904084,-0.19294862969811322
2022-06-01,UVAI,Siwalik,-0.5164619790007708,-0.5460655884594293,-0.04701622389027226,0.07661983334893074
2022-07-01,UVAI,Siwalik,-0.8311927710617856,-0.5242773667488505,-0.2744213778229903,-0.032494026489944705
2022-08-01,UVAI,Siwalik,-0.9266406217541164,-0.5048786381737722,-0.3711414418418433,-0.050620541738500946
2022-09-01,UVAI,Siwalik,-1.037436266695184,-0.4883133428110175,-0.3583382850650316,-0.19078463881913482
2022-10-01,UVAI,Siwalik,-0.5382149318655817,-0.4747285843800309,-0.1433894796155985,0.07990313213004774
2022-11-01,UVAI,Siwalik,-0.1845887175171337,-0.4644007760376068,0.11814977540647789,0.16166228311399522
2022-12-01,UVAI,Siwalik,-0.1489139912047662,-0.45654007044187456,0.20664762677025916,0.10097845246684917
2023-01-01,UVAI,Siwalik,-0.2346193923440556,-0.45009239097635695,0.1890970770036867,0.02637592162861463
2023-02-01,UVAI,Siwalik,-0.1411868845267904,-0.44462120826848694,0.14513437952007002,0.15829994422162652
2023-03-01,UVAI,Siwalik,-0.4048468780972602,-0.4409923010801515,0.12182789706858686,-0.08568247408569551
2023-04-01,UVAI,Siwalik,-0.0547256474096811,-0.440980459725313,0.34517300920540267,0.04108180311022924
2023-05-01,UVAI,Siwalik,-0.3167886291481629,-0.446150774476895,0.15385840839250262,-0.024496263063770507
2023-06-01,UVAI,Siwalik,-0.5326752275495819,-0.45561552602405886,-0.04599489473453522,-0.031064806790987776
2023-07-01,UVAI,Siwalik,-0.933784930228146,-0.46671093476082354,-0.37224432853968653,-0.09482966692763589
2023-08-01,UVAI,Siwalik,-0.8129525206070278,-0.47730630929945944,-0.426044006393474,0.09039779508590562
2023-09-01,UVAI,Siwalik,-0.8783978708449769,-0.4859590491236441,-0.41092467108603153,0.01848584936469877
2023-10-01,UVAI,Siwalik,-0.5935452399802673,-0.49196059728947006,-0.1498304309119978,0.048245788221200514
2023-11-01,UVAI,Siwalik,-0.339121371916966,-0.49514520612787966,0.13956106972381252,0.0164627644871011
2023-12-01,UVAI,Siwalik,-0.2973848553736859,-0.4963068736086949,0.2715451853541945,-0.07262316711918543
2024-01-01,UVAI,Siwalik,-0.3324393207501634,-0.49673272297343835,0.2401557458256485,-0.0758623436023736
2024-02-01,UVAI,Siwalik,-0.3864738143161564,-0.4975119831906469,0.1787170340747655,-0.06767886520027505
2024-03-01,UVAI,Siwalik,-0.3205037861137507,-0.49945901076723553,0.15671774528420412,0.02223747936928072
2024-04-01,UVAI,Siwalik,0.4236882950544446,-0.502500836474842,0.3953325889595204,0.5308565425697662
2024-05-01,UVAI,Siwalik,-0.380568019130184,-0.5056524016688461,0.11680319767550133,0.008281184863160707
2024-06-01,UVAI,Siwalik,-0.529463174692433,-0.5072535480113579,-0.047623853791193965,0.02541422711011887
2024-07-01,UVAI,Siwalik,-0.9005091790934976,-0.5065659385105505,-0.46713489971300187,0.07319165913005482
2024-08-01,UVAI,Siwalik,-0.9851208666559904,-0.5042014216841547,-0.4852890888389723,0.004369643867136619
2024-09-01,UVAI,Siwalik,-0.9148357323284496,-0.5017736656655014,-0.4616694269308837,0.048607360267935495
2024-10-01,UVAI,Siwalik,-0.7310993127066323,-0.5005771785461149,-0.15987616278457875,-0.07064597137593864
2024-11-01,UVAI,Siwalik,-0.3884666485055897,-0.5000790652155301,0.1575463552695602,-0.0459339385596198
2024-12-01,UVAI,Siwalik,-0.2147243863362738,-0.4986127345016724,0.3356321882784132,-0.05174384011301458
2025-01-01,UVAI,Siwalik,-0.2376826092716958,-0.4958394183952598,0.2916154961325682,-0.03345868700900423
2025-02-01,UVAI,Siwalik,-0.2781631147926651,-0.49259766880705275,0.20871571433035255,0.005718839684035137
2025-03-01,UVAI,Siwalik,-0.1967960023981123,-0.48903911135992284,0.19263970975734862,0.09960339920446193
2025-04-01,UVAI,Siwalik,-0.0696366124287794,-0.4843881465977109,0.44464552368041044,-0.029893989511478924
2025-05-01,UVAI,Siwalik,-0.7087245651089665,-0.478407151762082,0.0866178900740501,-0.3169353034209346
2025-06-01,UVAI,Siwalik,-0.8548534419449341,-0.4720634442803821,-0.049984258942236806,-0.33280573872231517
2025-07-01,UVAI,Siwalik,-1.0181382344427363,-0.46657165444795357,-0.55911229655483,0.007545716560047211
2025-08-01,UVAI,Siwalik,-0.9613788917204052,-0.4629159658230272,-0.5445819340693603,0.04611900817198222
2025-09-01,UVAI,Siwalik,-0.9859808744875742,-0.46136579083556745,-0.5104071389020648,-0.01420794474994197
2025-10-01,UVAI,Siwalik,-0.6342642316320203,-0.46215494167953314,-0.17406922492583057,0.0019599349733434024
2025-11-01,UVAI,Siwalik,-0.2930758557773164,-0.4680305130323424,0.1717143054398874,0.0032403518151386534
2025-12-01,UVAI,Siwalik,-0.0167210824148377,-0.4756085249510461,0.399368823759367,0.05951861877684139
2026-01-01,UVAI,Siwalik,-0.0710160825810744,-0.4841485930745279,0.3441224272974963,0.0690100831959572
2026-02-01,UVAI,Siwalik,-0.2662881426799615,-0.4932737120007811,0.23568497018070556,-0.008699400859885964
2026-03-01,UVAI,Siwalik,-0.3110712808187353,-0.5028480056884335,0.22989252613114325,-0.03811580126144509
2026-04-01,UVAI,Siwalik,-0.0055512015457459,-0.5128011879155047,0.492844124302635,0.014405862067123743
2026-05-01,UVAI,Siwalik,-0.4314423543748484,-0.5230795822025704,0.06197819775089882,0.029659030076823245
2026-06-01,UVAI,Siwalik,-0.5944424064377971,-0.5336662563129257,-0.053329709959233564,-0.00744644016563778
2026-07-01,UVAI,Siwalik,-0.7748990157774747,-0.5445784942239225,-0.6485471464150424,0.4182266248614902
2026-08-01,UVAI,Siwalik,-1.2127203570806746,-0.5558357369340062,-0.6046151504098628,-0.052269469736805574
2019-01-01,UVAI,Terai,-0.6373554866530657,-0.8809128620736691,0.1715741578593417,0.07198321756126169
2019-02-01,UVAI,Terai,-0.9395862952534018,-0.9130020500229844,-0.008247359200844035,-0.018336886029573285
2019-03-01,UVAI,Terai,-0.7934305696730661,-0.9448838936411854,0.13799482577674704,0.013458498191372237
2019-04-01,UVAI,Terai,-0.76758282782042,-0.9766114581975118,0.2741234172773213,-0.0650947869002294
2019-05-01,UVAI,Terai,-0.3485514502933989,-1.008241294481645,0.12405254456247228,0.5356372996257739
2019-06-01,UVAI,Terai,-0.9683481419650866,-1.0397902959186727,0.0725627960301209,-0.001120642076534839
2019-07-01,UVAI,Terai,-1.1804298595008202,-1.0712522633587636,-0.11837081953850068,0.009193223396444017
2019-08-01,UVAI,Terai,-1.5596817003830254,-1.1025965878856958,-0.44547717555025085,-0.011607936947078734
2019-09-01,UVAI,Terai,-1.4851782678465837,-1.1337444036539654,-0.3390145224806391,-0.012419341711979115
2019-10-01,UVAI,Terai,-1.4599582445111623,-1.1644008561376493,-0.24121650443043224,-0.05434088394308079
2019-11-01,UVAI,Terai,-1.1028813997432283,-1.1935062524248286,0.07009859595175187,0.020526256729848313
2019-12-01,UVAI,Terai,-0.9724830959110646,-1.2187893534553251,0.2655904105889522,-0.019284153044691665
2020-01-01,UVAI,Terai,-1.0323353684435992,-1.2399906102233516,0.18275724998812162,0.02489799179163077
2020-02-01,UVAI,Terai,-1.1947429255194406,-1.2577511155732377,0.02141039998663556,0.04159779006716158
2020-03-01,UVAI,Terai,-1.4105503482963178,-1.2737244259741516,0.15058548073713784,-0.287411403059304
2020-04-01,UVAI,Terai,-0.9301873399915326,-1.2883408418320628,0.32710807289651095,0.031045428944019182
2020-05-01,UVAI,Terai,-1.288368591720256,-1.3005085015001459,0.1560785596262233,-0.14393864984633353
2020-06-01,UVAI,Terai,-1.5378268931279442,-1.3085130908471903,0.07952111838043126,-0.3088349206611851
2020-07-01,UVAI,Terai,-1.5035297808609334,-1.3076697791459275,-0.21431633840870054,0.01845633669369473
2020-08-01,UVAI,Terai,-1.796934470878494,-1.295661620492602,-0.4944963401884967,-0.006776510197395336
2020-09-01,UVAI,Terai,-1.6670344206882006,-1.2746614363601447,-0.3917057049941047,-0.0006672793339512761
2020-10-01,UVAI,Terai,-1.57663278915574,-1.2444383700288755,-0.23252277535839833,-0.09967164376846616
2020-11-01,UVAI,Terai,-1.330564171296258,-1.2020596644585093,0.10722194062336683,-0.23572644746111537
2020-12-01,UVAI,Terai,-1.2541695770914485,-1.1482556381800069,0.27119402181663693,-0.3771079607280785
2021-01-01,UVAI,Terai,-1.0224186242006117,-1.0868047966374548,0.19908768024293524,-0.13470150780609225
2021-02-01,UVAI,Terai,-1.1937110466989966,-1.0202021280905582,0.05177498386139527,-0.22528390246983365
2021-03-01,UVAI,Terai,-0.6604930958479112,-0.9502549500254263,0.1647491470770921,0.125012707100423
2021-04-01,UVAI,Terai,-0.5051593719463777,-0.8775152717609886,0.3791024482222251,-0.006746548407614128
2021-05-01,UVAI,Terai,-1.5221682366039064,-0.8016674224296766,0.17856238159093435,-0.8990631957651641
2021-06-01,UVAI,Terai,-1.6007791940659577,-0.7230626140604958,0.08336170944321225,-0.9610782894486741
2021-07-01,UVAI,Terai,-0.9202056297102678,-0.6438368922466395,-0.30492038438469077,0.02855164692106249
2021-08-01,UVAI,Terai,-1.127980726390774,-0.5682218502039719,-0.5434418802440643,-0.016316995942737833
2021-09-01,UVAI,Terai,-0.8911005646562334,-0.49967271985086636,-0.4418721166853126,0.050444271879945546
2021-10-01,UVAI,Terai,-0.4685673639997194,-0.4400758972614179,-0.22693537247355045,0.19844390573524895
2021-11-01,UVAI,Terai,0.0725706758820047,-0.3914765839425824,0.1430068362282697,0.3210404235963174
2021-12-01,UVAI,Terai,0.0486630112548414,-0.35306700869903557,0.2794869108965729,0.12224310905730407
2022-01-01,UVAI,Terai,-0.1935937444796719,-0.3229161898941049,0.21792119199779778,-0.08859874658336475
2022-02-01,UVAI,Terai,-0.1751882157357457,-0.2992396297509164,0.08170660210275245,0.042344811912418234
2022-03-01,UVAI,Terai,0.4411409281059635,-0.27833285737151414,0.18187965738460668,0.537594128092871
2022-04-01,UVAI,Terai,0.8837827850705381,-0.260113042993655,0.4295253152198549,0.7143705128443383
2022-05-01,UVAI,Terai,0.0512652169174927,-0.24681207632620986,0.19368637641862532,0.10439091682507723
2022-06-01,UVAI,Terai,-0.0759482628972095,-0.23761680404237764,0.08431793920174212,0.07735060194342602
2022-07-01,UVAI,Terai,-0.6981640951110082,-0.2299744990630524,-0.39054574179237445,-0.07764385425558135
2022-08-01,UVAI,Terai,-0.8571371852188076,-0.22197334046364586,-0.5939824349875298,-0.041181409767631905
2022-09-01,UVAI,Terai,-1.011148976327581,-0.21360124470649225,-0.49016041625352197,-0.3073873153675667
2022-10-01,UVAI,Terai,-0.3848729726486761,-0.20602943632428783,-0.22320888579681855,0.04436534947243029
2022-11-01,UVAI,Terai,0.0542084477393057,-0.19993779278921073,0.17833658155933538,0.07580965896918104
2022-12-01,UVAI,Terai,0.0677508964273668,-0.1943195098289672,0.2918067659421803,-0.029736359685846286
2023-01-01,UVAI,Terai,-0.0363355766702377,-0.18935741487460922,0.24591603474126794,-0.0928941965368964
2023-02-01,UVAI,Terai,0.1804672129551447,-0.18480658448555354,0.11486481583905088,0.2504089816016474
2023-03-01,UVAI,Terai,-0.0522336165815836,-0.18108801225764726,0.2053563013991735,-0.07650190572310983
2023-04-01,UVAI,Terai,0.3252441174987006,-0.17968969784598013,0.4719386756791267,0.032995139665554035
2023-05-01,UVAI,Terai,0.1919271971362302,-0.18085705211449338,0.19537352549471157,0.177410723756012
2023-06-01,UVAI,Terai,-0.0517646086886169,-0.18434777882073183,0.07737580970786197,0.05520736042425295
2023-07-01,UVAI,Terai,-0.8262583660371271,-0.18969106663464377,-0.4600709469006663,-0.17649635250181703
2023-08-01,UVAI,Terai,-0.7456064379086389,-0.19597628891467414,-0.6526199936793169,0.10298984468535213
2023-09-01,UVAI,Terai,-0.7817374831716473,-0.20238768677773122,-0.5345401164669731,-0.04480967992694296
2023-10-01,UVAI,Terai,-0.3635802690078786,-0.20825727796935836,-0.2306188313901503,0.07529584035163006
2023-11-01,UVAI,Terai,-0.073781384501995,-0.21333939148743986,0.2111059577493939,-0.07154795076394904
2023-12-01,UVAI,Terai,-0.027684433933446,-0.21780324419039737,0.3138956016173113,-0.1237767913603599
2024-01-01,UVAI,Terai,0.2143818215226457,-0.22213728426632548,0.28690802873634047,0.14961107705263071
2024-02-01,UVAI,Terai,-0.208758549971579,-0.22583144536041083,0.15350151455359248,-0.13642861916476062
2024-03-01,UVAI,Terai,-0.0984337381304897,-0.22871471985076056,0.2326535619690183,-0.10237258024874743
2024-04-01,UVAI,Terai,0.5746789114234192,-0.2319274593541421,0.51053498022919,0.29607139054837134
2024-05-01,UVAI,Terai,0.0173606540738715,-0.2358146045529321,0.17899934628258088,0.07417591234422272
2024-06-01,UVAI,Terai,-0.1012575167782168,-0.23942684108924825,0.05872839842381525,0.07944092588721621
2024-07-01,UVAI,Terai,-0.812026004226793,-0.24272565388655207,-0.5145406555768051,-0.05475969476343592
2024-08-01,UVAI,Terai,-0.9552355460976182,-0.24684826530191156,-0.717648796046285,0.009261515250578334
2024-09-01,UVAI,Terai,-0.7935720926097788,-0.2537162018532996,-0.5769518442978211,0.03709595354134193
2024-10-01,UVAI,Terai,-0.5329696928092873,-0.2639589692043551,-0.2395834861019545,-0.02942723750297771
2024-11-01,UVAI,Terai,0.0669264848253022,-0.27653644285699663,0.24347634497065188,0.09998658271164695
2024-12-01,UVAI,Terai,-0.0242499876063795,-0.2891143371563053,0.33812915251040526,-0.07326480296047944
2025-01-01,UVAI,Terai,0.0087112019513007,-0.2988345891779754,0.3336612478400538,-0.026115456710777696
2025-02-01,UVAI,Terai,-0.1420234086802188,-0.3052036686993959,0.19254276874905824,-0.02936250872988111
2025-03-01,UVAI,Terai,0.0653196568357361,-0.30931222625101523,0.26184617216842104,0.11278571091833028
2025-04-01,UVAI,Terai,0.1762143297969651,-0.31124844371186416,0.5499048467120089,-0.06244207320317963
2025-05-01,UVAI,Terai,-0.3179183161343971,-0.31126269018620556,0.1554576020386657,-0.16211322798685723
2025-06-01,UVAI,Terai,-0.5802531197859585,-0.30914517051781654,0.035856610417731506,-0.30696455968587344
2025-07-01,UVAI,Terai,-0.880689356918938,-0.30505803366979317,-0.5651726491593405,-0.010458674089804332
2025-08-01,UVAI,Terai,-0.956549044821514,-0.2994273626102594,-0.782026963857048,0.12490528164579329
2025-09-01,UVAI,Terai,-0.8901736907567923,-0.292457837693681,-0.6169426249405754,0.019226771877464077
2025-10-01,UVAI,Terai,-0.5953167639935282,-0.28461975989467736,-0.2518611853787057,-0.058835818720145094
2025-11-01,UVAI,Terai,-0.0696510212226777,-0.27620919946305045,0.2750424810509925,-0.06848430281061973
2025-12-01,UVAI,Terai,0.2373946911064522,-0.26904542105226026,0.3649653360617089,0.14147477609700357
2026-01-01,UVAI,Terai,0.1357992294975075,-0.262523844971346,0.3842338692624103,0.01408920520644319
2026-02-01,UVAI,Terai,0.0244503646295168,-0.25639898118691024,0.23202071297059323,0.0488286328458338
2026-03-01,UVAI,Terai,0.0442408532653515,-0.2505820943378533,0.2947440418803485,7.890572285629283e-05
2026-04-01,UVAI,Terai,0.322971338275529,-0.2450564974138581,0.5877860148399365,-0.01975817915054945
2026-05-01,UVAI,Terai,-0.1245271825037691,-0.23982528891025573,0.12423093168084946,-0.008932825274362843
2026-06-01,UVAI,Terai,-0.2457101916276644,-0.2348880555532221,0.0076067358503282625,-0.01842887192477058
2026-07-01,UVAI,Terai,-0.6955651705400829,-0.23023979596647665,-0.6099645848623473,0.144639210288741
2026-08-01,UVAI,Terai,-1.2777480363223768,-0.22588973671061824,-0.8473180427350199,-0.20454025687673866
